CheckURL	Rate	Headline	EntityURL	TimeStamp
https://www.univision.com/noticias/trump-no-fue-espiado-campana-hillary-clinton	{'falso'}	Trump was NOT spied on by Hillary Clinton's campaign. That's false.	['http://www.slate.com/articles/news_and_politics/cover_story/2016/10/was_a_server_registered_to_the_trump_organization_communicating_with_russia.html', 'https://abcnews.go.com/Politics/russia-probe-timeline-moscow-mueller/story?id=57427441', 'https://apnews.com/article/election-2020-donald-trump-robert-mueller-statutes-elections-ae0275b4eb23981c1e6fbf9fc49c3239', 'https://apnews.com/article/europe-russia-donald-trump-campaigns-hillary-clinton-c9b5a084fcd3b3aa8f064592648b0463', 'https://apnews.com/article/europe-russia-donald-trump-campaigns-indictments-ceebd1c49b6b6fda70e22028725c955b', 'https://apnews.com/article/north-america-donald-trump-ap-top-news-john-durham-politics-75e5c4efd5c74e6e9aa1ba0237a0e651', 'https://docs.google.com/drawings/d/1DUe3VhEDoPxn6E-ruKK6c0NTHEENKnbSbpgOPM0JeVA/edit?usp=sharing', 'https://docs.google.com/drawings/d/1JxdGy4o4AB8omL6bbUhlXFGCJOzjHw_je78ScKP04Xo/edit?usp=sharing', 'https://docs.google.com/drawings/d/1VWQ7Y-GF-mwQq3BewcqAeR8Z4jkZZ2gTApE71lF43W8/edit?usp=sharing', 'https://docs.google.com/drawings/d/1YoQA7C0lBnGP7ptmRDH9CSckhyyAZsd_T3XoX9MWFaA/edit?usp=sharing', 'https://docs.google.com/drawings/d/1nytrZSU1tuOPg7f9kdEbiOzl4DgOd3vjeDXpuAP8kpg/edit?usp=sharing', 'https://docs.google.com/drawings/d/1oi0GE--7LUBQ9cwjNcZ-m61T_6cSPj6nlbA3ApYvDSk/edit?usp=sharing', 'https://edition.cnn.com/2022/02/16/politics/durham-allegations-explainer/index.html', 'https://int.nyt.com/data/documenttools/indictment-of-michael-sussmann/a144a1b67111e832/full.pdf', 'https://nymag.com/intelligencer/2022/02/john-durham-and-the-rights-mainstream-media-paranoia.html', 'https://s3.documentcloud.org/documents/21217929/sussmann-response.pdf', 'https://storage.courtlistener.com/recap/gov.uscourts.dcd.235638/gov.uscourts.dcd.235638.35.0_2.pdf', 'https://twitter.com/BuzzPatterson/status/1493390350399918084', 'https://twitter.com/DanScavino/status/1492646634324381698', 'https://web.archive.org/web/20220214180848/https://www.donaldjtrump.com/news/news-wedmemv5yb1556', 'https://www.defense.gov/About/Biographies/Biography/Article/2418491/kashyap-p-patel/', 'https://www.donaldjtrump.com/news/P10', 'https://www.donaldjtrump.com/news/news-e8btc6brw51563', 'https://www.foxnews.com/politics/clinton-campaign-paid-infiltrate-trump-tower-white-house-servers', 'https://www.justice.gov/archives/sco/file/1373816/download', 'https://www.nytimes.com/2021/10/01/us/politics/trump-alfa-bank-indictment.html', 'https://www.nytimes.com/2021/12/06/us/politics/michael-sussmann-john-durham.html?searchResultPosition=10', 'https://www.nytimes.com/2021/12/08/us/durham-sussmann-fbi-trump-russia.html?searchResultPosition=9', 'https://www.nytimes.com/2022/02/14/us/politics/durham-sussmann-trump-russia.html', 'https://www.univision.com/especiales/noticias/detector/asi-lo-hacemos.html', 'https://www.univision.com/noticias/asi-lo-hacemos']	2022-03-14 12:25:06
https://www.univision.com/noticias/falso-biden-financiar-fondos-federales-distribucion-pipas-crack	{'falso', 'enganoso'}	Es falso que el gobierno de Biden vaya a financiar con fondos federales la distribución de pipas de crack	['http://web.archive.org/web/20220208223939/https://www.fox5ny.com/news/biden-administration-to-fund-programs-to-hand-out-crack-pipes', 'https://apps.crowdtangle.com/search?platform=facebook&postTypes=&producerTypes=3&q=Biden%20fund%20crack%20pipes&sortBy=score&sortOrder=desc&timeframe=24hours', 'https://docs.google.com/drawings/d/1CnI7sawkUt5-EYN6IS5DHHQ3gMyU6pPJrjPLaHwo0hQ/edit?usp=sharing', 'https://docs.google.com/drawings/d/1LOvtaNVRZejyRUJGe0sYY0bC703908ao6aFUjw4mzJ4/edit?usp=sharing', 'https://docs.google.com/drawings/d/1SHlfLX8Iu4pAVto1s6t7aGADRrMdWH7uhJJKL5bgFAo/edit?usp=sharing', 'https://docs.google.com/drawings/d/1kBueAUzFsuikVQfKq1KMXE9o_BipZF-1QqCBKtFfpSw/edit?usp=sharing', 'https://leadstories.com/hoax-alert/2022/02/fact-check-biden-administration-is-not-funding-crack-pipes-heroin-for-drug-use.html', 'https://mediabiasfactcheck.com/washington-free-beacon/', 'https://trends.google.es/trends/explore?date=now%201-d&geo=US&q=crack%20pipes', 'https://twitter.com/HHS_Spox/status/1491071549558124545', 'https://twitter.com/marcorubio/status/1491060747119771650', 'https://web.archive.org/web/20220208223939/https://www.fox5ny.com/news/biden-administration-to-fund-programs-to-hand-out-crack-pipes', 'https://www.cdc.gov/ssp/syringe-services-programs-factsheet.html', 'https://www.fox5ny.com/about', 'https://www.hhs.gov/about/leadership/sarah-lovenheim.html', 'https://www.hhs.gov/about/leadership/xavier-becerra.html', 'https://www.hhs.gov/about/news/2021/12/08/samhsa-announces-unprecedented-30-million-harm-reduction-grant-funding-opportunity-help-address-nations-substance-use-overdose-epidemic.html', 'https://www.hhs.gov/about/news/2022/02/09/statement-hhs-secretary-xavier-becerra-and-ondcp-director-rahul-gupta.html', 'https://www.samhsa.gov/find-help/harm-reduction', 'https://www.samhsa.gov/sites/default/files/grants/pdf/fy22-harm-reduction-nofo.pdf', 'https://www.univision.com/especiales/noticias/detector/asi-lo-hacemos.html', 'https://www.univision.com/noticias/asi-lo-hacemos', 'https://www.washingtonpost.com/politics/feds-say-no-taxpayer-money-for-safer-drug-smoking-pipes/2022/02/09/f0805cbe-89dd-11ec-838f-0cfdf69cce3c_story.html', 'https://www.whitehouse.gov/wp-content/uploads/2021/03/BidenHarris-Statement-of-Drug-Policy-Priorities-April-1.pdf?fbclid=IwAR2TBk34U_XRqlqK_pAYnUd_9f7zY3IbCQI9KxI6S5eYeRJdFzl9B09hZ84', 'mailto:eldetector@univision.net']	2022-02-10 14:36:45
https://www.univision.com/noticias/falso-manipulado-donald-trump-envio-tarjeta-navidena-2021-con-sello-presidencial	{'manipulado', 'falso'}	"¿Donald Trump envió este año una tarjeta de Navidad con sello presidencial?
"	['https://apnews.com/article/fact-checking-380833045812', 'https://elpais.com/elpais/2019/06/04/album/1559633701_261207.html#foto_gal_1', 'https://elpais.com/elpais/2019/06/04/album/1559633701_261207.html#foto_gal_7', 'https://leadstories.com/hoax-alert/2021/12/fact-check-phallic-donald-trump-christmas-card-is-not-real.html', 'https://secure.winred.com/save-america-joint-fundraising-committee/storefront/', 'https://secure.winred.com/save-america-joint-fundraising-committee/storefront/trump-merry-christmas-greeting-card-single-card/details/', 'https://twitter.com/dougmillsnyt/status/1135635077361229827/photo/1', 'https://twitter.com/realLizUSA?ref_src=twsrc%5Etfw%7Ctwcamp%5Etweetembed%7Ctwterm%5E1467877718171729921%7Ctwgr%5Ehb_1_7%7Ctwcon%5Es1_&ref_url=https%3A%2F%2Fwww.reuters.com%2Farticle%2Ffactcheck-fake-trumpchristmascard-idUSL1N2SR1PP', 'https://web.facebook.com/officialteamtrump?_rdc=1&_rdr', 'https://www.45office.com/', 'https://www.bbc.com/mundo/noticias-internacional-48507944', 'https://www.donaldjtrump.com/', 'https://www.donaldjtrump.com/news', 'https://www.gettyimages.com.mx/detail/fotograf%C3%ADa-de-noticias/president-donald-trump-queen-elizabeth-ii-first-fotograf%C3%ADa-de-noticias/1147873570?adppopup=true', 'https://www.google.com/search?hl=es-419&tbs=sbi:AMhZZisg-kQT7-NNKn-0Jp0dNBeUAodd2NQxzn3nkLSL7jGvY2XSRsq35UV_1AOEaKjOZoo8kj6gaiUyUnxR8Fm_1HpDNACZZ9tHq-uqah09dbd4Ig5cSQ_1KIH8x9gQiHKvbhoZuPj-iq3oUgki-OoydpcJRD4znqFYTMfg9yz8_1yKmHZQOoITUxQxoGCiRRWmr2_1L-bTeNoS_17Ada_1lLa3feoX-2wYkEbV6yWLVosP-xsTcwrRIrsbbgAj5Lxnd_1zPHILPNcZl2wnkiUGm2Kplcg6rwMX2a6IG-YcOy2LNuiCcxCKeUjt29A-YLC1-N-EURVyQf1CRaY-PG_14YYm_1Ns0BeulFyrWUEQ&sxsrf=AOaemvLDnZQWYur9bA-AC7F6wXZrqa-F0g:1639492071986&ei=56m4YevTO5SJwbkP4t68qAQ&start=10&sa=N&ved=2ahUKEwir47_0v-P0AhWURDABHWIvD0UQ8NMDegQIAhBL&biw=1366&bih=663&dpr=1', 'https://www.google.com/search?tbs=sbi:AMhZZiuxpFKR2LQdAvXRgPR5rCnfJZqF7aZhejvnpMAVsiMee_13-noxlCIkZWZmh18T8u9qiUMd3xX6jCdACCZdB7X4uFOm-jmT5xJlj7Pw-zmtleFKrP8hO0A4ts04fMUyCoF05KHgQuUJgJCSGBqfVRpBm-bmSanYDRS-XOtno38Pwr4PixA29pjEaKif-bExCGvv9_16M1_1zf1HpcQ8WBGuQwdq8kGiGYN-XaNdM1jSyreO4uHMmWdsnLAlneyT8nBJSTH8BiO0yo_1CFnTA5uHeG7WXqEYLvWoYF6fEVNncoSn7JyOtnMAAe0ucT8aZfDVRN72aeWwJ1IH_1PjD3Js7JU3JBusM5w&hl=es-CO', 'https://www.infobae.com/america/fotos/2019/06/04/las-fotos-del-solemne-banquete-de-la-reina-isabel-ii-en-honor-a-donald-trump-en-el-palacio-de-buckingham/', 'https://www.reuters.com/article/factcheck-fake-trumpchristmascard-idUSL1N2SR1PP', 'https://www.snopes.com/fact-check/trump-christmas-card-2021/', 'https://www.univision.com/especiales/noticias/detector/asi-lo-hacemos.html', 'https://www.univision.com/famosos/esto-hay-detras-de-la-tiara-de-rubies-contra-la-maldad-que-la-reina-escogio-para-cenar-con-trump-fotos', 'https://www.univision.com/noticias/asi-lo-hacemos', 'https://www.univision.com/noticias/foto-marilyn-manson-envejecido-imagen-manipulada', 'https://www.univision.com/noticias/mundo/barbados-republica-isabel-ii', 'https://www.univision.com/noticias/mundo/barbados-republica-isabel-iihttps://www.univision.com/noticias/mundo/barbados-republica-isabel-ii', 'https://www.univision.com/noticias/politica/facebook-trump-cuenta-suspension-violencia', 'https://www.univision.com/noticias/politica/twitter-suspende-permanentemente-la-cuenta-de-donald-trump', 'https://www.univision.com/noticias/videos-imagenes-falsos-verificar-redes-whatsapp-herramientas', 'https://www.vozdeamerica.com/a/reina-isable-ii-organiza-lujoso-banquete-trump/4944159.html', 'https://www.whitehousegifts.com/pages/the-presidential-seal-a-brief-history', 'mailto:eldetector@univision.net']	2021-12-15 13:29:27
https://www.univision.com/noticias/enganoso-desabastecimiento-mandato-vacunacion-biden	{'falta-contexto', 'enganoso'}	"¿El desabastecimiento en EEUU se debe a falta de personal por el mandato de vacunación de Biden?
"	['https://docs.google.com/drawings/d/1haLWjk9EO-mNSQMpBvm8o806fxZeUrfMZKhj_R-4BOc/edit?usp=sharing', 'https://fred.stlouisfed.org/series/PCE', 'https://slate.com/business/2021/10/supply-chain-shortages-retail-united-states-explained.html', 'https://theconversation.com/4-reasons-americans-are-still-seeing-empty-shelves-and-long-waits-with-christmas-just-around-the-corner-168635', 'https://twitter.com/POTUS/status/1458561336527491077', 'https://twitter.com/POTUS/status/1458622734804606979', 'https://web.facebook.com/watch/?v=187119966902322', 'https://web.facebook.com/watch/?v=257182193022050', 'https://www.bloomberg.com/news/articles/2021-10-27/white-house-says-federal-vaccine-rule-won-t-strain-supply-chains', 'https://www.cnbc.com/2021/10/12/imf-cuts-growth-forecast-as-supply-disruptions-covid-pandemic-weighs.html', 'https://www.facebook.com/univisionnoticias/videos/187119966902322/', 'https://www.facebook.com/univisionnoticias/videos/257182193022050/', 'https://www.osha.gov/coronavirus/ets2', 'https://www.osha.gov/sites/default/files/publications/OSHA4161.pdf', 'https://www.politifact.com/article/2021/oct/15/high-prices-and-depleted-shelves-heres-why-supply-/', 'https://www.saferfederalworkforce.gov/faq/contractors/', 'https://www.trucking.org/sites/default/files/2021-10/OSHA%20Comments%2010%2021%2021.pdf', 'https://www.univision.com/especiales/noticias/detector/asi-lo-hacemos.html', 'https://www.univision.com/local/chicago-wgbo/prepara-el-bolsillo-para-la-cena-de-accion-de-gracias-pues-este-ano-puede-salirte-mas-cara-por-que-video', 'https://www.univision.com/local/dallas-kuvn/coronavirus-osha-aclara-dudas-sobre-regla-federal-de-emergencia-temporal-para-proteger-a-trabajadores-video', 'https://www.univision.com/local/los-angeles-kmex/puerto-de-los-angeles-crisis-california', 'https://www.univision.com/local/philadelphia-wuvp/escasez-trabajadores-suministros-secretario-de-trabajo-estados-unidos-puerto-filadelfia', 'https://www.univision.com/local/san-antonio-kwex/escasez-de-camioneros-empeora-impacto-en-cadena-de-suministros-video', 'https://www.univision.com/local/san-antonio-kwex/escasez-de-camioneros-podria-impactar-en-la-cadena-de-suministros-de-estados-unidos-video', 'https://www.univision.com/noticias/asi-lo-hacemos', 'https://www.univision.com/noticias/estados-unidos/conductores-de-camiones-para-arreglar-cadena-de-suministro', 'https://www.univision.com/noticias/estados-unidos/problemas-cadena-de-suministros-buttigieg-eeuu', 'https://www.univision.com/noticias/politica/casa-blanca-canaliza-fondos-infraestructura-aliviar-problemas-cadena-suministro-puertos', 'https://www.univision.com/noticias/politica/corte-de-apelaciones-bloquea-mandato-de-vacunas-de-joe-biden-empresas-con-mas-de-100-empleados', 'https://www.univision.com/noticias/politica/ley-infraestructura-firma-distribucion-biden', 'https://www.univision.com/noticias/salud/biden-plan-medidas-pandemia-covid-19-empresas-con-mas-de-100-empleados', 'https://www.univision.com/noticias/salud/escasez-productos-alza-precios-fallos-distribucion', 'https://www.univision.com/noticias/vacunas-covid-19-siguen-efectivas-variante-delta', 'https://www.univision.com/shows/despierta-america/escasez-de-productos-y-alimentos-por-la-crisis-en-la-cadena-de-suministros-y-la-falta-de-trabajadores-video', 'https://www.whitehouse.gov/briefing-room/presidential-actions/2021/09/09/executive-order-on-ensuring-adequate-covid-safety-protocols-for-federal-contractors/', 'https://www.wsj.com/articles/truck-driver-shortage-supply-chain-issues-logistics-11635950481']	2021-11-15 11:15:50
https://www.univision.com/noticias/elecciones-sigue-siendo-falso-fraude-trump	{'falso'}	A un año de las elecciones presidenciales,  el “fraude” de Trump sigue siendo tan falso como al principio	['https://archive.ph/Bfaz1', 'https://docs.google.com/drawings/d/10yp9haihOYIysxl82Wp8HKbVjn75XiVRCbQk9r5TQ30/edit?usp=sharing', 'https://twitter.com/atrupar/status/1329492201538195456?ref_src=twsrc%5Etfw%7Ctwcamp%5Etweetembed%7Ctwterm%5E1329492201538195456%7Ctwgr%5E%7Ctwcon%5Es1_c10&ref_url=https%3A%2F%2Fwww.vox.com%2F2021%2F3%2F23%2F22346333%2Fsidney-powell-dominion-defamation-lawsuit-trump', 'https://uat.x.univision.com/noticias/elecciones-en-eeuu-2020/sabes-como-funcionan-los-colegios-electorales-en-eeuu-te-explicamos-cual-es-el-camino-para-lograr-la-presidencia', 'https://uat.x.univision.com/noticias/fraude-ganamos-los-infundios-del-presidente-trump-en-una-noche-electoral-sin-conclusiones', 'https://www.cisa.gov/news/2020/11/12/joint-statement-elections-infrastructure-government-coordinating-council-election', 'https://www.factcheck.org/2021/11/how-many-died-as-a-result-of-capitol-riot/', 'https://www.politifact.com/article/2021/oct/29/donald-trumps-wsj-letter-wrong-joe-biden-won-pa-le/', 'https://www.reuters.com/world/us/judge-dismisses-georgia-lawsuit-alleging-fraud-2020-election-2021-10-13/', 'https://www.reuters.com/world/us/judge-sanctions-sidney-powell-other-pro-trump-lawyers-who-claimed-voter-fraud-2021-08-25/', 'https://www.reuters.com/world/us/trump-allies-giuliani-powell-lose-bid-dismiss-dominion-lawsuits-2021-08-11/', 'https://www.univision.com/especiales/noticias/detector/asi-lo-hacemos.html', 'https://www.univision.com/local/houston-kxln/tras-una-caotica-jornada-el-congreso-reconoce-el-triunfo-de-joe-biden-en-las-elecciones-presidenciales-video', 'https://www.univision.com/local/philadelphia-wuvp/elecciones-estados-unidos-2020/campana-de-trump-somete-otra-demanda-para-detener-la-certificacion-del-resultado-de-las-elecciones-en-pensilvania', 'https://www.univision.com/local/philadelphia-wuvp/elecciones-estados-unidos-2020/joe-biden-gana-pensilvania-y-supera-los-270-votos-electorales-segun-ap', 'https://www.univision.com/noticias/asi-lo-hacemos', 'https://www.univision.com/noticias/cinco-cosas-que-debes-saber-sobre-fraude-electoral-en-eeuu-y-por-que-son-infundadas-las-acusaciones-de-trump', 'https://www.univision.com/noticias/con-afirmaciones-falsas-y-enganosas-trump-apela-al-discurso-del-fraude-electoral-desde-semanas-antes-de-las-elecciones', 'https://www.univision.com/noticias/desmontando-la-nueva-falacia-el-sistema-electoral-dominion-no-elimino-2-7-millones-de-votos-de-trump', 'https://www.univision.com/noticias/elecciones-en-eeuu-2020/corte-suprema-rechaza-solicitud-de-trump-en-pennsylvania', 'https://www.univision.com/noticias/elecciones-en-eeuu-2020/dominion-demanda-giuliani-fraude', 'https://www.univision.com/noticias/elecciones-en-eeuu-2020/joe-biden-le-gana-la-presidencia-a-donald-trump-tras-un-tortuoso-proceso-de-conteo-de-votos', 'https://www.univision.com/noticias/elecciones-en-eeuu-2020/llamada-trump-georgia-fraude-electoral', 'https://www.univision.com/noticias/estas-son-las-falsedades-que-dijo-rudy-giuliani-sobre-dominion-y-ahora-enfrenta-millonaria-demanda', 'https://www.univision.com/noticias/estas-son-las-impugnaciones-legales-que-no-pudieron-ser-probadas-de-la-campana-de-trump-a-los-resultados-electorales-trump-elecciones', 'https://www.univision.com/noticias/las-descabelladas-fantasias-del-abogado-de-trump-rudy-giuliani-sobre-el-fraude-electoral', 'https://www.univision.com/noticias/politica/abogados-de-trump-sancionados-demanda-insustancial-fraude-electoral-michigan', 'https://www.univision.com/noticias/politica/argumento-acusacion-democrata-segundo-juicio-trump-capitolio', 'https://www.univision.com/noticias/politica/claves-resultados-auditoria-de-arizona-maricopa-biden-trump', 'https://www.univision.com/noticias/politica/giuliani-licencia-abogado-fraude-elecciones-nueva-york', 'https://www.univision.com/noticias/politica/sidney-powell-exabogada-trump-admite-teorias-fraude-electoral-mentira', 'https://www.univision.com/noticias/politica/twitter-suspende-permanentemente-la-cuenta-de-donald-trump', 'https://www.univision.com/noticias/tecnologia-chavista-presunto-fraude-elecciones-2020-donald-trump', 'https://www.univision.com/noticias/trump-arremete-con-nueva-falsedad-sobre-fraude-electoral-democratas-enviaran-por-correo-80-millones-de-boletas-no-solicitadas', 'https://www.univision.com/noticias/trump-tergiversa-episodios-electorales-para-hablar-erroneamente-de-fraude', 'https://www.univision.com/shows/noticiero-univision/voto-universal-por-correo-o-voto-ausente-estas-son-las-diferentes-opciones-en-las-proximas-elecciones-video', 'https://www.washingtonpost.com/politics/dominion-sues-pro-trump-lawyer-sidney-powell-seeking-more-than-13-billion/2021/01/08/ebe5dbe0-5106-11eb-b96e-0e54447b23a1_story.html', 'https://www.wsj.com/articles/president-donald-trump-2020-election-fraud-pennsylvania-ballots-11635280347', 'https://www.wsj.com/articles/the-election-for-pennsylvanias-supreme-court-judge-kevin-brobson-11634936270?mod=article_inline', 'https://www.youtube.com/watch?v=REg3Rja1clo&t=1175s', 'mailto:eldetector@univision.net']	2021-11-03 13:58:13
https://www.univision.com/noticias/falso-suspension-vuelos-southwest-mandato-vacunacion	{'no-hay-evidencia', 'falso'}	¿La cancelación de vuelos de Southwest Airlines se debió al mandato de vacunación de Biden, como tuiteó Ted Cruz?	['https://docs.google.com/drawings/d/10XnrAacFHbFPfPZl8VApwV6MujaR_wgPBB0UBcTIuBs/edit?usp=sharing', 'https://docs.google.com/drawings/d/13pWuueCTrLypOBTL1PUKAPusGdvs2ivvOyZ0alRasFM/edit?usp=sharing', 'https://docs.google.com/drawings/d/1HX9ZHHvS_PSZfuTFX8pEI5TA7Zfz_t3wWHqAf2z3VDc/edit?usp=sharing', 'https://docs.google.com/drawings/d/1ot8cR8tOTIpHmnafJXNd8Hn2eDEPbOcHDXNpj0f_lbE/edit', 'https://thepointsguy.com/news/southwest-airlines-new-ceo-pilots-cancellations/', 'https://twitter.com/FAANews/status/1447708023724679175', 'https://www.chron.com/news/houston-texas/transportation/article/southwest-airlines-flight-vaccine-mandate-ted-cruz-16524561.php', 'https://www.cnbc.com/2021/10/10/southwest-airlines-cancels-1000-more-flights-as-disruptions-mount.html', 'https://www.cnbc.com/2021/10/12/southwest-airlines-reduces-cancellations-after-mass-cancellations-from-staffing-shortage.html', 'https://www.newsweek.com/southwest-airlines-cancellations-pilot-vaccine-mandate-1637440', 'https://www.politifact.com/factchecks/2021/oct/11/tweets/southwest-airline-pilots-union-deny-claims-anti-va/', 'https://www.snopes.com/fact-check/southwest-flight-cancellations/', 'https://www.swamedia.com/releases/release-66d1c9ae7fd4aa2df09a33d586ef9b95-southwest-statement-regarding-recent-operational-disruptions', 'https://www.swapa.org/news/2021/swa-in-the-news/', 'https://www.univision.com/especiales/noticias/detector/asi-lo-hacemos.html', 'https://www.univision.com/noticias/asi-lo-hacemos', 'https://www.univision.com/noticias/salud/biden-plan-medidas-pandemia-covid-19-empresas-con-mas-de-100-empleados', 'https://www.univision.com/temas/southwest-airlines', 'https://www.univision.com/temas/ted-cruz', 'https://www.whitehouse.gov/briefing-room/presidential-actions/2021/09/09/executive-order-on-requiring-coronavirus-disease-2019-vaccination-for-federal-employees/', 'https://www.wsj.com/articles/southwest-ceo-says-airline-recovering-after-slew-of-weekend-cancelations-11634051618', 'mailto:eldetector@univision.net']	2021-10-13 12:28:21
https://www.univision.com/noticias/falta-contexto-creacion-empleo-eeuu-ultimos-meses-plan-rescate-biden	{'falta-contexto'}	¿La creación de empleo en EEUU de los últimos meses se debe solo al Plan de Rescate, como sugiere Biden?	['https://covid.cdc.gov/covid-data-tracker/#trends_dailycases', 'https://covid.cdc.gov/covid-data-tracker/#trends_dailydeaths', 'https://covid.cdc.gov/covid-data-tracker/#vaccination-trends', 'https://data.bls.gov/timeseries/CES0000000001&output_view=net_1mth', 'https://fred.stlouisfed.org/graph/?g=8eiB', 'https://www.bls.gov/bls/news-release/empsit.htm#2020', 'https://www.bls.gov/ces/', 'https://www.bls.gov/news.release/archives/empsit_06052020.htm', 'https://www.bls.gov/news.release/archives/empsit_07022020.htm', 'https://www.bls.gov/news.release/archives/empsit_08072020.htm', 'https://www.bls.gov/news.release/archives/empsit_09042020.htm', 'https://www.bls.gov/news.release/archives/empsit_10022020.htm', 'https://www.bls.gov/news.release/archives/empsit_11062020.htm', 'https://www.bls.gov/news.release/archives/empsit_12042020.htm', 'https://www.univision.com/especiales/noticias/detector/asi-lo-hacemos.html', 'https://www.univision.com/local/nueva-york-wxtv/enfermera-en-nueva-york-recibe-la-primera-vacuna-contra-el-covid', 'https://www.univision.com/noticias/asi-lo-hacemos', 'https://www.univision.com/noticias/dinero/eeuu-pierde-20-5-millones-de-trabajos-y-el-desempleo-se-dispara-a-14-7-en-abril-la-profundidad-de-la-crisis-en-graficos', 'https://www.univision.com/noticias/elecciones-en-eeuu-2020/biden-nuevo-presidente-de-estados-unidos', 'https://www.univision.com/noticias/estados-unidos/economia-eeuu-recuperacion-desempleo-marzo-2021-cae', 'https://www.univision.com/noticias/politica/senado-aprueba-paquete-estimulo-coronavirus-biden', 'https://www.univision.com/noticias/salud/coronavirus-alargan-hasta-el-15-de-julio-declaracion-de-impuestos-california-ordena-cuarentena-y-ya-son-mas-de-10-000-los-fallecidos', 'https://www.univision.com/noticias/salud/coronavirus-busca-tu-estado-y-te-mostramos-que-restricciones-ha-relajado-en-su-fase-de-reapertura', 'https://www.univision.com/noticias/salud/crisis-por-el-coronavirus-la-reserva-federal-recorta-a-casi-cero-las-tasas-de-interes-y-los-cdc-recomiendan-postergar-eventos-de-mas-de-50-personas', 'https://www.univision.com/temas/cheque-de-estimulo', 'https://www.univision.com/temas/empleo', 'https://www.univision.com/temas/joe-biden', 'https://www.whitehouse.gov/briefing-room/speeches-remarks/2021/09/16/remarks-by-president-biden-on-the-economy-4/', 'https://www.who.int/es/director-general/speeches/detail/who-director-general-s-opening-remarks-at-the-media-briefing-on-covid-19---11-march-2020']	2021-10-01 10:23:00
https://www.univision.com/noticias/falso-corte-florida-ordena-policia-trasladar-alvaro-uribe	{'falso'}	¿Una corte en Florida ordenó a la policía llevar al expresidente colombiano Álvaro Uribe a declarar, como circuló en Twitter?	['http://www.derechos.org/nizkor/colombia/doc/mariou1.html', 'https://apnews.com/article/oddities-florida-fl-state-wire-us-news-fort-lauderdale-0909ae803a1ec369e519edc111018783', 'https://colombiacheck.com/chequeos/policia-de-miami-no-tiene-orden-de-conducir-uribe-ante-una-corte-por-cuestionario-de-beto', 'https://docs.google.com/drawings/d/1rIdIvQZsvWQ9UVaJpCNP_sgX-5Vh2zuns9_C9nHd5kY/edit?usp=sharing', 'https://docs.google.com/drawings/d/1vq80SRuLlcON8FtfyZOyzf-zeJajzfRs07SmjuoxCt0/edit?usp=sharing', 'https://elpais.com/internacional/2020-10-23/alvaro-uribe-la-sombra-politica-de-colombia.html', 'https://es.scribd.com/document/65027758/Sentencia-Jorge-Noguera', 'https://nsarchive.gwu.edu/briefing-book/colombia/2020-08-31/friends-el-viejo-declassified-records-detail-suspected-paramilitary-narco-ties-former-colombian', 'https://twitter.com/AlvaroUribeVel', 'https://twitter.com/AlvaroUribeVel/status/1442155758309847043?s=20', 'https://twitter.com/Betocoralg', 'https://twitter.com/HELIODOPTERO', 'https://www.arcoiris.com.co/2012/06/sobrina-y-cunada-de-alvaro-uribe-apresadas-en-colombia-con-fines-de-extradicion-a-ee-uu-por-ser-socias-y-aliadas-estrategicas-del-cartel-de-sinaloa-segun-la-dea/2/', 'https://www.bbc.com/mundo/noticias/2015/10/150930_liberan_dolly_cifuentes_aliada_chapo_bm', 'https://www.elespectador.com/judicial/defensa-de-uribe-pide-limitar-a-una-persona-la-representacion-de-las-victimas/', 'https://www.elpais.com.co/colombia/corte-suprema-remitio-a-la-fiscalia-la-indagacion-contra-alvaro-uribe-por-masacres-del-aro-y-la-granja.html', 'https://www.jud11.flcourts.org/', 'https://www.lasillavacia.com/historias/silla-nacional/los-argumentos-de-jaimes/', 'https://www.miamidade.gov/global/police/home.page', 'https://www.patinolaw.com/Spanish/RalphG.php', 'https://www.publimetro.co/co/noticias/2016/03/06/historia-cunada-sobrina-uribe-relacionadas-chapo-guzman.html', 'https://www.rcnradio.com/judicial/en-cuatro-meses-se-conoceria-sentido-del-fallo-en-caso-de-santiago-uribe', 'https://www.univision.com/especiales/noticias/detector/asi-lo-hacemos.html', 'https://www.univision.com/noticias/asi-lo-hacemos', 'https://www.univision.com/temas/covid-19-enfermedad', 'https://www.youtube.com/watch?v=kTVNHq2zbLU', 'https://www2.miami-dadeclerk.com/ocs/Search.aspx', 'https://www2.miami-dadeclerk.com/ocs/ViewerPDF.aspx?QS=c5IYpK185bZZt%2fe6fign%2fhI1CGzm4M%2bEt6NEHld3oSTj8oFbfnm0uiNPm2kxq7TKRALBy%2bT%2bK5AWLoT%2bE%2fJnUGiU3xJswl1AejDW%2fQ7Iz4NlEwzJqSd6eMQqzwDU3qxrzoofFV71fDwf1NDVqasUk030Qct2WSwlWwr563hAu%2bnww%2fuvSFlpwnAUqJKnYMa53zNRi%2fqke2UmcFb0ygxOFCXAIT3LhspgnA6rCkZIcDYlDbTEaJOZveH1N3a1PwGfjD0wSFQwrBd2tbf3NPe4NP08vQK5%2fp%2by8T9i7zb%2f%2fEIE6dnFNKhdXB9xidZ0ojvSsuRCIxw2vl9XMdZ%2fMiZC%2bdnjKcp9nq%2bc', 'https://www2.miami-dadeclerk.com/ocs/ViewerPDF.aspx?QS=c5IYpK185bZZt%2fe6fign%2fhI1CGzm4M%2bEt6NEHld3oSTj8oFbfnm0uiNPm2kxq7TKrbV1Ecwr6uVHC9h1fvmRTrFUu8gmgFCCx6ZxVrixxWGYPjFGaLdYMar%2fFQ99zERqmy%2fLXgrpD4OeLm%2bV8laJgxmSo4xdiNG6tcrN6OYOpRIuF6K%2fJOoDimROhc%2byuETKxWPsEvveIU8kGs4DuFb87LHHFpf5uc%2b4HJH5DZ%2fAbxCvwKkyDtbT72FbkIXhp5vQveqMbapGNfw96lBziHkLV6Cef13Te%2bYl3pUPg%2b4ilo20XYuuxuxUR0H05t96y8oLL6xQGf4bONJk%2fGMFajG4LVeZV4mh2zbO', 'https://www2.miami-dadeclerk.com/ocs/ViewerPDF.aspx?QS=c5IYpK185bZZt%2fe6fign%2fhI1CGzm4M%2bEt6NEHld3oSTj8oFbfnm0uiNPm2kxq7TKrbV1Ecwr6uVMLbMZX9IgStsRPeejoTlTb%2bVhAAXuWvufzL5BYLe6udgfT5hoJxjpl9V%2fmLjSXOB9%2bVjP8bYMBorWZNAnOW3koSdFeCdSZ64OORgkfThD0Bo%2b8D0Ys%2fB85tboSEHkApYKnyCPnKB6Eufns8tEIctbWbGT%2fSCOGpvayCZOKQg3QddoOlX%2bzUEZijHyfG%2fWGdmVLqzcJCKmjwjvzsTu6zEzVlWX28n7JgLXtwtRWrmEaTeTjipDzbQW%2fOe6eb5HlorOf%2bnsRzByScqAmaKVtnw4', 'https://www2.miami-dadeclerk.com/ocs/ViewerPDF.aspx?QS=c5IYpK185bZZt%2fe6fign%2fhI1CGzm4M%2bEt6NEHld3oSTj8oFbfnm0uiNPm2kxq7TKrbV1Ecwr6uXMUNWiygqyN8hFLUv%2fwaJ%2fPu5FcAGjAX8myjKxiCx2UXuYw2eSlpy7QlcdmyP7aAMA6QPE3GBz3nZpYVxpN%2b4urqZl4Xxvty%2blCnq5klU26TgiTkh0APt1xQzpPuQjhBV7i6HVOZGu6IAi8hvM12RMP724vHcPp7qi6R3E5XBjjB%2ff5bdrKSzhOaKdRey8ZS5GI1MrUmnEN%2fLKViVBN6PFXzIZTIivGuXXYPkaHDGhXXPebi0U6LzrvaBFDtuzC5GWds%2fcQ7JdJ0gCtEBxtFBv', 'https://www2.miami-dadeclerk.com/ocs/ViewerPDF.aspx?QS=c5IYpK185bZZt%2fe6fign%2fhI1CGzm4M%2bEt6NEHld3oSTj8oFbfnm0uiNPm2kxq7TKrbV1Ecwr6uXXV0OzHIbFqjh487iwy%2fhMKkOQ%2bCifEcXPzxUDPu5avz%2fkNHUoOJqS3YD2gVGbe0qSDb8r88RobVlFX%2fip7vvbvvzcXXsNqxulRxx5UHT1fTZAATYDnlc1pqbQ5zNXWoqwFON%2fzg49JDzOjyxbW%2fuwHSLUjvX24zb0Da%2f31hPLM95a%2bQOD6Td6ZIg8QeY5CJkiMQtiBblBKRFA22QG5%2btYKmHfB3la8cRKm0x%2fFlrvIG5RdQFW2llUs6HyJXeAVeN6fV8pToFg7mPAqP8cnwxk']	2021-09-28 15:05:48
https://www.univision.com/noticias/enganoso-beneficios-desempleo-por-despido-no-vacunarte-covid-19	{'enganoso'}	¿Puedes recibir beneficios por desempleo si una empresa te despide por no querer vacunarte? 	['https://archive.is/qGZwc', 'https://bracewell.com/people/rebecca-l-baker', 'https://covid.cdc.gov/covid-data-tracker/#datatracker-home', 'https://covid.cdc.gov/covid-data-tracker/#trends_dailydeaths', 'https://covid.cdc.gov/covid-data-tracker/#vaccinations_vacc-total-admin-rate-total', 'https://kcnfdc.com/blog/can-my-employer-require-me-to-get-vaccinated-before-i-return-to-the-office/', 'https://morningconsult.com/2021/07/28/return-to-normal-vaccine-mandates-polling/', 'https://www.blankrome.com/siteFiles/COVID-19-Employer-Workplace-Survey-Summer-2021.pdf', 'https://www.cnbc.com/2021/08/09/covid-vaccine-mandates-sweep-across-corporate-america-as-delta-surges.html', 'https://www.dol.gov/general/location', 'https://www.factcheck.org/es/2021/08/scicheck-publicacion-en-redes-da-consejo-enganoso-sobre-obligatoriedad-de-vacunas-y-beneficios-por-desempleo/', 'https://www.factcheck.org/es/scicheck_digest/podria-llegar-a-ser-obligatoria-la-vacuna-contra-el-covid-19/', 'https://www.latimes.com/business/story/2021-08-07/list-employers-with-covid-19-vaccine-mandates', 'https://www.nashp.org/state-lawmakers-submit-bills-to-ban-employer-vaccine-mandates/', 'https://www.univision.com/noticias/asi-lo-hacemos', 'https://www.univision.com/noticias/salud/biden-plan-medidas-pandemia-covid-19-empresas-con-mas-de-100-empleados', 'https://www.uschamber.com/co/run/human-resources/can-fired-employees-collect-unemployment', 'https://www.wilsonelser.com/attorneys/yoora_pak', 'mailto:eldetector@univision.net']	2021-09-27 10:36:07
https://www.univision.com/noticias/enganoso-faa-prohibio-vuelo-drones-frontera-del-rio	{'falta-contexto', 'enganoso'}	¿La Aviación de EEUU prohibió el vuelo de drones en Del Río para ocultar “el colapso migratorio”en la frontera?	['https://apnews.com/article/immigration-united-states-texas-el-paso-del-rio-3a8146cbcb47b9df7a31a19594df3ec6', 'https://archive.md/IBqNB', 'https://archive.md/Ly8O8', 'https://archive.md/Ly8O8#selection-1095.0-1095.106', 'https://archive.md/cxRjx', 'https://docs.google.com/drawings/d/15b2HWagf3Xk-AfReC-1KlEhv38z8lpKC6E0TpdP7iz4/edit?usp=sharing', 'https://reuters.screenocean.com/record/1637475', 'https://tfr.faa.gov/save_pages/detail_1_9857.html#restrictions', 'https://twitter.com/FAANews/status/1438916199430111235?ref_src=twsrc%5Etfw%7Ctwcamp%5Etweetembed%7Ctwterm%5E1438916199430111235%7Ctwgr%5E%7Ctwcon%5Es1_&ref_url=https%3A%2F%2Fwww.foxnews.com%2Fpolitics%2Fbidens-faa-places-temporary-ban-on-drones-flying-over-bridge-packed-with-illegal-immigrants', 'https://www.cbsnews.com/news/haitian-migrants-released-united-states/', 'https://www.faa.gov/uas/contact_us/', 'https://www.npr.org/2021/09/17/1038482663/u-s-plans-to-deport-massive-number-of-haitians-from-del-rio-texas-an-official-sa', 'https://www.texastribune.org/2021/09/22/texas-border-haitian-migrants-del-rio/', 'https://www.univision.com/especiales/noticias/detector/asi-lo-hacemos.html', 'https://www.univision.com/noticias/asi-lo-hacemos', 'https://www.univision.com/noticias/inmigracion/crisis-migratoria-haitianos-frontera-eeuu', 'https://www.univision.com/temas/drones', 'https://www.univision.com/temas/frontera-eeuu-mexico', 'https://www.univision.com/temas/joe-biden', 'https://www.univision.com/temas/medios-de-comunicacion', 'https://www.univision.com/temas/mexico-city', 'https://www.univision.com/temas/patrulla-fronteriza', 'https://www.univision.com/temas/redes-sociales', 'https://www.univision.com/temas/texas']	2021-09-24 10:39:33
https://www.univision.com/noticias/falso-talibanes-ahorcando-hombre-helicoptero-video	{'falso'}	¿Los talibanes ahorcaron a un hombre desde un helicóptero, como dice el mensaje del video que rueda por Twitter?	['https://archive.is/Im6GC', 'https://archive.is/MlWQj#selection-3039.0-3039.136', 'https://archive.is/nXOag#selection-3039.1-3039.128', 'https://archive.md/Z7i56', 'https://archive.md/eKLGD', 'https://archive.md/lItgj', 'https://archive.md/p3mzO', 'https://archive.md/tEjWY#selection-2775.0-2871.18', 'https://archive.ph/C4R00', 'https://archive.ph/aChDV', 'https://factcheck.afp.com/http%253A%252F%252Fdoc.afp.com%252F9LY7YV-1', 'https://twitter.com/A_Jahid_Jalal/status/1432321130979811329', 'https://twitter.com/DonaldJTrumpJr', 'https://twitter.com/DonaldJTrumpJr?ref_src=twsrc%5Egoogle%7Ctwcamp%5Eserp%7Ctwgr%5Eauthor', 'https://twitter.com/bsarwary/status/1432741986545676288?ref_src=twsrc%5Etfw%7Ctwcamp%5Etweetembed%7Ctwterm%5E1432741986545676288%7Ctwgr%5E%7Ctwcon%5Es1_&ref_url=https%3A%2F%2Fwww.altnews.in%2Fdoes-the-video-show-taliban-hanging-a-body-from-a-helicopter%2F', 'https://twitter.com/zoo_bear/status/1432689894032175106?ref_src=twsrc%5Etfw%7Ctwcamp%5Etweetembed%7Ctwterm%5E1432689894032175106%7Ctwgr%5E%7Ctwcon%5Es1_&ref_url=https%3A%2F%2Fwww.reuters.com%2Farticle%2Ffactcheck-hang-helicopter-idUSL1N2Q22W0', 'https://web.archive.org/web/20210830115658/https://twitter.com/DonaldJTrumpJr', 'https://web.archive.org/web/20210831151804/https://twitter.com/DonaldJTrumpJr', 'https://www.altnews.in/does-the-video-show-taliban-hanging-a-body-from-a-helicopter/', 'https://www.facebook.com/AfghanistanPoste/videos/562570801551276/', 'https://www.facebook.com/multn.ahmedzai/videos/367759641735094/', 'https://www.factcheck.org/2021/09/social-media-posts-draw-unsupported-conclusion-on-afghan-helicopter-video/', 'https://www.google.com/search?q=%D8%AF+%DA%A9%D9%86%D8%AF%D9%87%D8%A7%D8%B1+%DA%86%D9%88%D8%B1%D9%84%DA%A9%D9%87&rlz=1C5CHFA_enES950ES950&sxsrf=AOaemvJGb6EwN39c572tGyxyeQegqJ2jjg:1631805442903&source=lnms&tbm=vid&sa=X&ved=2ahUKEwiB4JD-5IPzAhVCz4UKHTQXC64Q_AUoAnoECAIQBA&biw=1440&bih=764&dpr=2', 'https://www.reuters.com/article/factcheck-hang-helicopter-idUSL1N2Q22W0', 'https://www.univision.com/especiales/noticias/detector/asi-lo-hacemos.html', 'https://www.univision.com/noticias/asi-lo-hacemos', 'https://www.univision.com/noticias/videos-imagenes-falsos-verificar-redes-whatsapp-herramientas', 'https://www.univision.com/temas/afganistan', 'https://www.univision.com/temas/donald-trump-jr', 'https://www.univision.com/temas/joe-biden', 'https://www.univision.com/temas/republicanos', 'https://www.univision.com/temas/taliban']	2021-09-24 10:25:13
https://www.univision.com/noticias/falso-eeuu-dejo-85-billones-equipos-afganistan-trump-1	{'falso'}	Es falso que EEUU dejó $85,000 millones en equipos en Afganistán, como dicen Donald Trump y otros republicanos	['https://edition.cnn.com/2021/08/21/politics/us-weapons-arsenal-taliban-afghanistan/index.html', 'https://twitter.com/RepJimBanks', 'https://web.archive.org/web/20210903210926/https://www.donaldjtrump.com/news/news-qsma562er6614', 'https://webcache.googleusercontent.com/search?q=cache:IyXKxd0hbHMJ:https://www.washingtonpost.com/politics/2021/08/31/no-taliban-did-not-seize-83-billion-us-weapons/+&cd=12&hl=es&ct=clnk&gl=es', 'https://www.bbc.com/news/world-asia-58356045', 'https://www.businessinsider.com/us-military-demilitarized-vehicles-and-aircraft-when-it-left-kabul-2021-8', 'https://www.c-span.org/video/?514375-1/house-republicans-call-president-biden-remaining-americans-afghanistan', 'https://www.c-span.org/video/?514591-1/president-trump-visits-york-city-police-fire-departments', 'https://www.openthebooks.com/assets/1/6/GAO_Report_-_Afghanistan_Equipment1.pdf#page=11', 'https://www.openthebooks.com/assets/1/6/GAO_Report_-_Afghanistan_Equipment1.pdf#page=14', 'https://www.openthebooks.com/assets/1/6/GAO_Report_-_Afghanistan_Equipment1.pdf#page=6', 'https://www.reuters.com/business/aerospace-defense/planes-guns-night-vision-goggles-talibans-new-us-made-war-chest-2021-08-19/', 'https://www.rev.com/blog/transcripts/donald-trump-cullman-alabama-rally-speech-transcript', 'https://www.sigar.mil/about/index.aspx?SSR=1&SubSSR=1&WP=About%20SIGAR', 'https://www.sigar.mil/pdf/quarterlyreports/2021-07-30qr-section2-funding.pdf#page=13', 'https://www.sigar.mil/pdf/quarterlyreports/2021-07-30qr-section2-funding.pdf#page=9', 'https://www.sigar.mil/pdf/quarterlyreports/2021-07-30qr-section2-security.pdf#page=20', 'https://www.sigar.mil/pdf/quarterlyreports/2021-07-30qr-section2-security.pdf#page=23', 'https://www.univision.com/noticias/asi-lo-hacemos', 'https://www.univision.com/noticias/estados-unidos/ultimo-soldado-afganistan', 'https://www.univision.com/temas/afganistan', 'https://www.univision.com/temas/donald-trump', 'https://www.univision.com/temas/donald-trump-jr', 'https://www.univision.com/temas/joe-biden', 'https://www.univision.com/temas/partido-republicano', 'https://www.univision.com/temas/taliban']	2021-09-14 13:09:11
https://www.univision.com/noticias/el-detector-verifica-desinformaciones-difundidas-sobre-afganistan	{'falta-contexto', 'falso'}	Sentencias de muerte que no ocurrieron y un video de protestas de otro país: cinco desinformaciones que ruedan sobre Afganistán	['http://www.rawa.org/rules_sp.htm', 'https://chequeado.com/verificacionfb/esta-foto-no-fue-tomada-en-la-evacuacion-de-afganistan/', 'https://colombiacheck.com/chequeos/este-video-de-una-manifestacion-de-mujeres-contra-el-taliban-fue-grabado-en-iran-no-en', 'https://factual.afp.com/http%253A%252F%252Fdoc.afp.com%252F9LR29J-1', 'https://web.archive.org/web/20010501000000*/http://www.rawa.org/rules_sp.htm', 'https://www.20minutos.es/noticia/4794287/0/prohibiciones-mujeres-afganistan-gobierno-taliban/', 'https://www.google.com.mx/search?tbs=sbi:AMhZZitcdoffLBWIBemI7qDZlzAEgOXjmAHZG0g0WZk01eM0WJl_1sGcTfgMBJt42ye0kS8m05evmthoYDTq155dQ5H0ojIKw2Lbq7lrZ8NsbL8zqXqLccYyeq2YQuFlVfnGNPr-n7XoVFoY9nXWvCA2soB1TVMsan-MhswUnuKjEd34nnLjLXceixievwGHCUXt0ZWGj7mNXeDTwmUCortd3tWasOGy4QNEnaUmUOTeYdk014egeba8M2OjszbR_16I1A40W7mpUUihSLCOCTOCrgpuYJdZIV5XTokYUbx25eJgV_14SM2Al-MuVaseNCx9Hntp5_10UFwEcT8UNuw0Su2DHeodwhWz9g&hl=es-MX', 'https://www.indiatoday.in/fact-check/story/video-iran-afghan-women-protesting-taliban-kabul-1842964-2021-08-20', 'https://www.nato.int/cps/en/natohq/topics_69366.htm', 'https://www.newtral.es/imagenes-avion-kabul-evacuacion-filipinas/20210817/', 'https://www.newtral.es/quaragosh-judith-carmona-229-misioneros-cristianos-sentenciados/20210818/', 'https://www.reuters.com/article/factcheck-mujeresirn-afganistn-idUSL1N2PS00B', 'https://www.reuters.com/article/factcheck-phillipines-plane/fact-check-2013-philippines-photo-mislabeled-as-if-showing-military-evacuation-from-kabul-idUSL1N2PO1L6', 'https://www.snopes.com/fact-check/22-missionaries-prayer-request/', 'https://www.start.umd.edu/gtd/search/Results.aspx?expanded=no&casualties_type=b&casualties_max=&start_yearonly=2011&end_yearonly=2019&dtp2=all&success=yes&country=4&ob=TotalNumberOfFatalities&od=asc&page=685&count=20#results-table', 'https://www.univision.com/noticias/afganistan-aeropuerto-kabul-terrorismo-repunte-eeuu', 'https://www.univision.com/noticias/asi-lo-hacemos', 'https://www.univision.com/noticias/mundo/avion-abarrotado-estados-unidos-fin-guerra-afganistan', 'https://www.univision.com/noticias/mundo/tropas-estadounidenses-retirada-afganistan-bagram', 'https://www.univision.com/noticias/una-imagen-verdadera-otra-falsa-fuera-contexto-evacuacion-civiles-afganistan']	2021-09-04 17:14:34
https://www.univision.com/noticias/afganistan-aeropuerto-kabul-terrorismo-repunte-eeuu	{'falso'}	¿Hay un repunte del terrorismo en Afganistán debido al retiro de tropas de EEUU?	['https://edition.cnn.com/2012/04/15/world/asia/afghanistan-violence/index.html', 'https://start.umd.edu/gtd/about/', 'https://www.aljazeera.com/news/2021/5/8/blasts-kill-dozens-near-school-in-afghan-capital-kabul', 'https://www.bbc.com/news/world-asia-36874570', 'https://www.bbc.com/news/world-asia-40102903', 'https://www.bbc.com/news/world-asia-45161909', 'https://www.forbes.com/sites/pascalemmanuelgobry/2014/01/21/in-memoriam-alexandros-petersen/', 'https://www.foxnews.com/world/afghanistans-president-says-death-toll-from-shrine-blast-has-risen-to-at-least-80', 'https://www.france24.com/es/asia-pac%C3%ADfico/20201102-afganistan-personas-ataque-armado-universidad-kabul', 'https://www.google.com/search?q=atentados+terroristas+afganist%C3%A1n+2020&rlz=1C5CHFA_enES950ES950&sxsrf=AOaemvJXQg3K3ucZfJj2W7f0Ca9ItH7zRQ%3A1630060783292&source=lnt&tbs=cdr%3A1%2Ccd_min%3A1%2F1%2F2021%2Ccd_max%3A8%2F26%2F2021&tbm=', 'https://www.google.com/search?q=atentados+terroristas+afganist%C3%A1n+2020&rlz=1C5CHFA_enES950ES950&sxsrf=AOaemvL8sg2GKFtEP1tDg0YatZ9OzFxsOA%3A1630060754372&source=lnt&tbs=cdr%3A1%2Ccd_min%3A1%2F1%2F2020%2Ccd_max%3A12%2F31%2F2020&tbm=', 'https://www.heraldo.es/noticias/internacional/2020/10/03/atentado-muertos-heridos-ataque-camion-bomba-explosivos-afganistan-1398281.html?autoref=true', 'https://www.nato.int/cps/en/natohq/topics_69366.htm', 'https://www.nytimes.com/2021/08/27/us/politics/biden-afghanistan-attack.html', 'https://www.reuters.com/article/us-afghanistan-attack-idUSBRE95O03020130625', 'https://www.reuters.com/article/us-afghanistan-blast-idUSTRE78B61S20110913', 'https://www.reuters.com/article/us-afghanistan-blast/afghan-wedding-suicide-blast-kills-63-wounds-182-ministry-idUSKCN1V70K6', 'https://www.reuters.com/article/us-afghanistan-blast/blast-hits-afghan-capital-kabul-reuters-witnesses-idUSKBN1FG086', 'https://www.start.umd.edu/gtd/', 'https://www.start.umd.edu/gtd/downloads/Codebook.pdf', 'https://www.start.umd.edu/gtd/search/Results.aspx?expanded=no&casualties_type=b&casualties_max=&start_yearonly=2011&end_yearonly=2019&dtp2=all&success=yes&country=4&ob=TotalNumberOfFatalities&od=asc&page=685&count=20#results-table', 'https://www.start.umd.edu/people/erin-miller', 'https://www.theguardian.com/world/live/2015/jun/22/afghanistan-parliament-attack-live-updates', 'https://www.univision.com/noticias/asi-lo-hacemos', 'https://www.univision.com/noticias/atentado-terrorista/al-menos-24-civiles-muertos-y-42-heridos-en-un-atentado-suicida-en-kabul', 'https://www.univision.com/noticias/atentado-terrorista/al-menos-27-muertos-en-un-ataque-suicida-contra-una-mezquita-chiita-en-afganistan', 'https://www.univision.com/noticias/disturbios-conflictos-guerra-paz/atentado-suicida-mata-a-seis-soldados-estadounidenses-en-afganistan', 'https://www.univision.com/noticias/mundo/brutal-ataque-del-grupo-estado-islamico-contra-una-carcel-en-afganistan-deja-al-menos-20-muertos-y-40-heridos', 'https://www.univision.com/noticias/mundo/estados-unidos-y-el-taliban-consiguen-un-acuerdo-prometedor-pero-con-riesgos', 'https://www.univision.com/noticias/mundo/isis-mata-a-9-periodistas-en-un-doble-ataque-suicida-planeado-para-emboscar-a-reporteros', 'https://www.univision.com/noticias/noticias-del-mundo/atentados-en-afganistan-provocaron-la-muerte-de-39-personas', 'https://www.univision.com/noticias/noticias-del-mundo/cuatro-soldados-de-otan-muertos-en-afganistan', 'https://www.univision.com/noticias/noticias-del-mundo/dos-ataques-suicidas-matan-al-menos-a-54-personas-en-afganistan', 'https://www.univision.com/noticias/noticias-del-mundo/un-atentado-contra-un-auto-de-la-embajada-britanica-en-kabul-deja-5-muertos', 'https://www.univision.com/noticias/politica/biden-tropas-estadounidenses-afganistan-violencia', 'https://www.univision.com/noticias/politica/joe-biden-13-soldados-muertos-atentadosa-en-kabul-al-menos-60-muertos', 'https://www.univision.com/noticias/politica/joe-biden-afganistan-retiro-de-tropas-kabul', 'https://www.univision.com/noticias/sucesos/bebes-recien-nacidos-y-madres-muertas-el-brutal-ataque-a-una-maternidad', 'https://www.univision.com/temas/atentado-terrorista', 'https://www.univision.com/temas/donald-trump', 'https://www.univision.com/temas/taliban']	2021-08-27 11:37:03
https://www.univision.com/noticias/no-evidencias-migrantes-frontera-sur-aumento-covid-19-eeuu-variantes	{'no-hay-evidencia', 'falso'}	¿Los migrantes que entran por el sur son responsables del aumento de casos de covid-19 en EEUU y traen las variantes?	['https://archive.ph/EUSMr#selection-22.1-47.9', 'https://archive.ph/ry9TT', 'https://docs.google.com/drawings/d/13jY_Kklvsy0V0B9sjNEopGvxWjBk7w2B7HUrWHaEKoI/edit?usp=sharing', 'https://docs.google.com/drawings/d/1_zo3o48BNpi2NmEPxGhMiwO_opInmPLtV5VmkXQkUkA/edit?usp=sharing', 'https://talkingpointsmemo.com/edblog/new-gop-message-on-surging-covid-its-juans-fault', 'https://www.catholiccharitiesrgv.org/about-catholic-charities.shtml', 'https://www.gisaid.org/hcov19-variants/', 'https://www.univision.com/local/miami-wltv/cuantos-nuevos-contagios-de-coronavirus-hay-en-florida-agosto11', 'https://www.univision.com/local/puerto-rico-wlii/desantis-ataca-otra-vez-biden-en-medio-aumento-casos-covid-19-florida', 'https://www.univision.com/noticias/asi-lo-hacemos', 'https://www.univision.com/noticias/inmigracion/detenciones-indocumentados-frontera-julio-cbp', 'https://www.univision.com/noticias/salud/casa-blanca-desantis-explosion-casos-covid-florida', 'https://www.univision.com/shows/noticiero-univision/posibles-deportaciones-el-futuro-incierto-de-grupos-de-migrantes-indocumentados-que-llegan-a-eeuu-por-la-frontera-de-texas-video', 'https://www.univision.com/temas/coronavirus', 'https://www.univision.com/temas/covid-19-enfermedad', 'https://www.univision.com/temas/eeuu', 'https://www.usatoday.com/story/news/factcheck/2021/08/06/fact-check-covid-19-variants-not-migrants-u-s-mexico-border/5420387001/', 'https://www.washingtonpost.com/politics/2021/08/06/desantiss-effort-blame-biden-covid-surge-florida/']	2021-08-19 10:47:57
https://www.univision.com/noticias/afirmaciones-enganosas-sin-contexto-biden-afganistan	{'falta-contexto', 'enganoso'}	¿Huyeron los líderes afganos? ¿No había voluntad de luchar? Verificamos el discurso de Biden sobre la caída de Afganistán	['https://apnews.com/article/joe-biden-ap-fact-check-2f9481f63046b0523db4dbfd1536e2aa', 'https://twitter.com/AmrullahSaleh2/status/1427020144606433283', 'https://twitter.com/AmrullahSaleh2/status/1427631191545589772?s=20', 'https://twitter.com/BBCYaldaHakim/status/1427268431649333263?ref_src=twsrc%5Etfw%7Ctwcamp%5Etweetembed%7Ctwterm%5E1427268431649333263%7Ctwgr%5E%7Ctwcon%5Es1_&ref_url=https%3A%2F%2Fwww.bbc.com%2Fnews%2F58243158', 'https://www.bbc.com/news/58243158', 'https://www.bbc.com/news/world-asia-57767067', 'https://www.bbc.com/news/world-asia-58187410', 'https://www.indiatimes.com/news/world/former-afghanistan-president-hamid-karzai-with-daughters-appeals-to-taliban-to-protect-people-547334.html', 'https://www.univision.com/noticias/asi-lo-hacemos', 'https://www.univision.com/noticias/mundo/talibanes-entran-kabul-afganistan', 'https://www.univision.com/noticias/politica/biden-retirara-tropas-de-afganistan-en-septiembre-1', 'https://www.univision.com/noticias/politica/joe-biden-afganistan-retiro-de-tropas-kabul', 'https://www.univision.com/temas/afganistan', 'https://www.univision.com/temas/joe-biden', 'https://www.univision.com/temas/taliban', 'mailto:eldetector@univision.net']	2021-08-17 16:24:29
https://www.univision.com/noticias/es-falso-no-te-dara-covid-19-si-estas-vacunado-como-dijo-biden-no-evidencias-variante-delta-mas-letal	{'no-hay-evidencia', 'falso'}	¿Es cierto que si estás vacunado no te dará covid-19 y que la variante delta es más letal, como dijo Biden?	['https://edition.cnn.com/videos/politics/2021/07/22/part-1-entire-joe-biden-town-hall-july-21-vpx.cnn', 'https://espanol.cdc.gov/coronavirus/2019-ncov/vaccines/different-vaccines/Moderna.html', 'https://espanol.cdc.gov/coronavirus/2019-ncov/vaccines/different-vaccines/Pfizer-BioNTech.html', 'https://espanol.cdc.gov/coronavirus/2019-ncov/vaccines/different-vaccines/janssen.html', 'https://espanol.cdc.gov/coronavirus/2019-ncov/vaccines/effectiveness/why-measure-effectiveness/breakthrough-cases.html', 'https://espanol.cdc.gov/coronavirus/2019-ncov/vaccines/keythingstoknow.html?s_cid=11488:vacuna%20para%20covid:sem.ga:p:RG:HM:gen.span:PTN:FY21', 'https://transcripts.cnn.com/show/se/date/2021-07-21/segment/01', 'https://www.cdc.gov/coronavirus/2019-ncov/covid-data/covidview/index.html', 'https://www.cdc.gov/csels/dls/locs/2021/06-15-2021-lab-advisory-CDC_SARS-CoV-2_Variant_B_1_617_2_Delta.html', 'https://www.ecdc.europa.eu/en/publications-data/threat-assessment-emergence-and-impact-sars-cov-2-delta-variant', 'https://www.instagram.com/eldetectorunivision/', 'https://www.univision.com/noticias/asi-lo-hacemos', 'https://www.univision.com/noticias/infografia-debes-saber-variante-delta-enganen-protejas-covid', 'https://www.univision.com/noticias/no-hay-evidencias-variante-delta-mas-letal', 'https://www.univision.com/noticias/salud/la-variante-delta-plus-ya-circula-en-eeuu', 'https://www.univision.com/noticias/salud/representantes-democratas-texas-covid-19-en-washington-vacunados', 'https://www.univision.com/noticias/salud/vacunas-contra-covid-19-salvado-vidas-en-estados-unidos', 'https://www.univision.com/noticias/salud/variante-delta-aumento-eeuu', 'https://www.univision.com/noticias/vacunas-si-efectivas-disminucion-hospitalizaciones-muertes-covid-19-graficos', 'https://www.univision.com/temas/joe-biden', 'https://www.univision.com/temas/vacunas', 'https://www.univision.com/temas/variante-delta']	2021-07-28 10:22:51
https://www.univision.com/noticias/30-julio-no-se-emitira-cuarto-cheque-de-estimulo-eeuu	{'falso'}	Es falso que el 30 de julio se emitirá un cuarto cheque de estímulo en EEUU, como dice una publicación en Facebook	['https://external-preview.redd.it/vxPXEGgL4v8mCGw06IFGsmJNtqWQg-z60xQQ79dHKPY.jpg?auto=webp&s=db7685262e9b352a4888e547f52a244e2ea2cb9f', 'https://factcheck.afp.com/http%253A%252F%252Fdoc.afp.com%252F9F79J6-1', 'https://leadstories.com/hoax-alert/2020/07/fact-check-fema-is-not-giving-away-1000-dollar-checks.html', 'https://leadstories.com/hoax-alert/2021/07/fact-check-new-stimulus-checks-are-not-planned-in-the-usa-as-of-july-2021.html', 'https://trends.google.es/trends/explore?date=2021-06-10%202021-07-21&geo=US&q=4th%20stimulus%20check%20passed%20today%202021', 'https://www.change.org/p/give-2000-month-to-every-american-moneyforthepeople-covid19', 'https://www.facebook.com/chaz.thompson.3726/posts/565046444667450', 'https://www.univision.com/local/arizona-ktvw/llego-el-15-de-julio-esto-debes-saber-del-credito-tributario-si-vives-en-arizona-fotos', 'https://www.univision.com/local/chicago-wgbo/credito-tributario-por-hijos-cuando-recibire-segundo-pago-de-250-o-300-saca-tu-calendario-fotos', 'https://www.univision.com/local/chicago-wgbo/cuarto-cheque-de-estimulo-3-millones-piden-mas-ayudas-ante-incremento-de-casos-de-coronavirus-fotos', 'https://www.univision.com/noticias/asi-lo-hacemos', 'https://www.univision.com/noticias/dinero/child-tax-credit-como-usaran-familias-afectadas-por-la-pandemia-el-credito-por-hijo', 'https://www.univision.com/noticias/dinero/child-tax-credit-salieron-pagos-por-15-000-millones-joe-biden?dhdhdd', 'https://www.univision.com/noticias/dinero/cuarto-cheque-de-estimulo-mas-legisladores-democratas-lo-piden-a-biden-pero-es-poco-probable', 'https://www.univision.com/noticias/dinero/tercer-cheque-de-estimulo-el-irs-envia-otros-2-millones-de-cheques-de-estimulo', 'https://www.univision.com/noticias/economia/quien-es-janet-yellen', 'https://www.univision.com/noticias/politica/senadores-democratas-anuncian-que-han-llegado-a-un-acuerdo-presupuestario', 'https://www.univision.com/temas/cheque-de-estimulo', 'https://www.univision.com/temas/credito-tributario-por-hijo', 'https://www.univision.com/temas/estimulo-economico', 'https://www.univision.com/temas/joe-biden', 'https://www.usatoday.com/story/news/factcheck/2021/07/16/fact-check-claim-stimulus-check-set-july-hoax/7993560002/']	2021-07-28 10:44:12
https://www.univision.com/noticias/falso-imagen-marcha-apoyo-regimen-cubano	{'falta-contexto', 'falso'}	Es falso que sea de ahora la foto de una marcha de supuesto apoyo al régimen cubano en la isla	['https://archive.is/7CIzS', 'https://colombiacheck.com/', 'https://colombiacheck.com/chequeos/foto-de-marcha-de-supuesto-apoyo-al-presidente-de-cuba-compartida-por-carlos-antonio', 'https://www.bbc.com/mundo/noticias-america-latina-57793145', 'https://www.bbc.com/mundo/noticias-america-latina-57814914', 'https://www.cibercuba.com/noticias/2021-07-12-u199482-e199482-s27061-disenan-mapa-localizacion-protestas-cuba-contra-gobierno', 'https://www.google.com/maps/d/u/0/embed?mid=1AQAArlWutvq3eqA2nK_WObSujttknlxZ&ll=21.66153107712415%2C-80.20082207193147&z=6', 'https://www.google.com/search?sxsrf=ALeKk01NlqUY1ukFMqGQrcpcbDVGzMFr8g:1626186496177&q=primero+de+mayo+cuba&tbm=isch&source=iu&ictx=1&tbs=simg:CAESiAIJt2MurBk0W_1Ma_1AELEKjU2AQaAghCDAsQsIynCBo7CjkIBBIUrC3GIfo25SDBD9clyTjVIr0pniUaG9PivSuBaMPgnBYKtcmmTuev0WRdhbtJYOXbbyAFMAQMCxCOrv4IGgoKCAgBEgQqiMvODAsQne3BCRqQAQogCg1kZW1vbnN0cmF0aW9u2qWI9gMLCgkvbS8wZ253ejQKHAoIYWN0aXZpc3TapYj2AwwKCi9tLzBqXzd2bDYKGgoHcHJvdGVzdNqliPYDCwoJL20vMDFuZF9uChoKCGZlc3RpdmFs2qWI9gMKCggvbS8waHI1awoWCgRjaXR52qWI9gMKCggvbS8wMW4zMgw&fir=HPnf4NWa5efyZM%252CSMtyD9ZF4HMN8M%252C_&vet=1&usg=AI4_-kRcFmJdvQre8hDUGGlh7-k8-pu7Ew&sa=X&ved=2ahUKEwisssXjoODxAhXESjABHYBeAyEQ9QF6BAgVEAE&biw=1281&bih=636#imgrc=HPnf4NWa5efyZM', 'https://www.google.com/search?tbs=sbi:AMhZZivuu1AWtu5EOSHaEPXC2bCXidF3qGtCNJBwhlGlteovmx_1UPDsfcKji4FESsrT159poVC-W8qAcRzVgS6S0aaPAlDzmiPx0F5EQPY9rJHAf8efhffc06QfINaSmU7EG2v1D9OCsFVuJuOmTP0U4kChJO1q9gQ2oO0at6_1xXBgdp1fVkmwewc9w32Iw2aibSpALJGaRmRTw1RtrnMAbcalgf5EzPej-Yd6gqvHaGjjh-a1lWOhC_1aYFuCOqNrLp-snDXv7snO0ooHZSYp_15CiXar_1JVSo-dSEpDluTp-ht8tfxoitR0GanDEzgRvY2QIf9wqglNTAk45m9k3NYjrifujVVCTfjBLfsU82g6FlWFH9L22MVptSIW8JIAROwKVgG5gU3UhI1zrlcNsdy6p6HL-YxB94A&sxsrf=ALeKk000xM9hGmUHqmq0Ui9JivH6jO42aw:1626140755409&ei=U_DsYPe0GN2-0PEPxPO9-Ac&start=10&sa=N&ved=2ahUKEwi3qtKw9t7xAhVdHzQIHcR5D38Q8NMDegQIARA6&biw=1281&bih=636', 'https://www.radionuevitas.icrt.cu/cuba/92-primero-de-mayo-en-cuba-contundente-demostracion-de-unidad-indestructible.html', 'https://www.tvavila.icrt.cu/cuba-se-apresta-a-celebrar-el-dia-de-los-trabajadores/', 'https://www.univision.com/noticias/asi-lo-hacemos', 'mailto:eldetector@univision.net']	2021-07-17 18:41:19
https://www.univision.com/noticias/video-que-circula-en-twitter-no-es-de-las-protestas-en-cuba-es-buenos-aires	{'falta-contexto', 'falso'}	Video de multitud con un monumento de luz azul no pertenece a las protestas en Cuba: mira de dónde es	['https://consejoderedaccion.org/formacion/invid-escanea-videos-metadata#:~:text=InVID%20es%20una%20plataforma%20de,usarlo%20en%20reportes%20o%20investigaciones.', 'https://ijnet.org/es/about-us', 'https://ijnet.org/es/story/nueve-herramientas-para-verificar-im%C3%A1genes-y-videos', 'https://images.google.com/?gws_rd=ssl', 'https://lens.google/intl/es-419/', 'https://turismo.buenosaires.gob.ar/es/otros-establecimientos/obelisco', 'https://twitter.com/asenjo88', 'https://twitter.com/asenjo88/status/1414066148300271617', 'https://twitter.com/clobo_guerrero', 'https://twitter.com/lessuarez/status/1414400161942474762', 'https://twitter.com/search?q=obelisco%20copa%20america&src=typed_query&f=video', 'https://www.google.com/search?tbs=sbi:AMhZZitqZy6QfwUGVmEyvmXPmMvME-JszNScbFCqQh31Xcdb9kna5TnXFykC8w3RMEFDQGRQEMB8Yzdpu8QqY2mplJDhN20SXGqcRTJaf5pUaXeaGmaylG-eYdCisMVIbYakyIMrPGiXPJNgOfoJmr-CpkmFUoZnIGV4nPtejPeeIzjefkDpa5ten85Me4M5vqne8O1h4j4NoeOgoe7GYNwSmxOEkpqovICVXGJZoOl3HIAbnwnIYOO9tS2aXE5hr1u8fwWaIcXg8Z_10KDdjgLYbbwFAevd_15TyQPuky4SVAsUkgYszfWuW3tWKKj0PZL_1YiMi5QSyG8', 'https://www.trecebits.com/2020/06/29/como-usar-la-busqueda-inversa-de-imagenes-en-google/', 'https://www.univision.com/local/austin-kakw/deportes/futbol/copa-america/maracanazo-2021-argentina-se-queda-con-copa-america-fotos', 'https://www.univision.com/local/miami-wltv/esto-es-lo-que-debes-saber-sobre-las-protestas-de-este-domingo-contra-el-regimen-en-cuba-video', 'https://www.univision.com/noticias/asi-lo-hacemos', 'https://www.univision.com/noticias/conoce-a-lupita-el-personaje-que-te-ayudara-a-detectar-noticias-falsas', 'https://www.univision.com/noticias/especiales/10-claves-para-detectar-noticias-falsas', 'https://www.univision.com/temas/cuba', 'https://www.youtube.com/watch?v=nmgbFODPiBY', 'mailto:eldetector@univision.net']	2021-07-12 16:26:18
https://www.univision.com/noticias/podran-estadounidenses-celebrar-4-de-julio-independencia-del-coronavirus-como-anuncio-biden	{'falta-contexto'}	"La meta de vacunación de Biden no se logró: ¿habrá este 4 de julio la anunciada “independencia del coronavirus”?
"	['https://covid.cdc.gov/covid-data-tracker/#vaccination-trends', 'https://covid.cdc.gov/covid-data-tracker/#vaccinations', 'https://ourworldindata.org/covid-deaths', 'https://ourworldindata.org/covid-hospitalizations', 'https://ourworldindata.org/covid-vaccinations#source-information-country-by-country', 'https://www.cdc.gov/coronavirus/2019-ncov/vaccines/fully-vaccinated.html', 'https://www.nytimes.com/es/2020/12/27/espanol/ciencia-y-tecnologia/inmunidad-rebano-coronavirus.html', 'https://www.univision.com/noticias/coronavirus/inmunidad-colectiva-coronavirus', 'https://www.univision.com/noticias/eeuu-sera-independiente-del-coronavirus-el-4-de-julio-falta-contexto-verificacion-de-datos', 'https://www.univision.com/noticias/mascarilla-aire-libre-vacunado-covid-19-no-es-experimento', 'https://www.univision.com/noticias/podemos-decir-que-hay-una-vacuna-contra-el-covid-19-mejor-que-otra-esto-es-lo-que-sabemos', 'https://www.univision.com/noticias/puedo-infectarme-enfermar-contagiar-sin-usar-mascarilla-si-estoy-vacunado-covid-19', 'https://www.univision.com/noticias/salud/biden-no-alcanzo-sus-metas-de-vacunacion-para-este-4-de-julio', 'https://www.univision.com/noticias/salud/mapa-actualizado-del-coronavirus-cifras-de-casos-confirmados-y-fallecidos', 'https://www.univision.com/noticias/vacunas-covid-19-eeuu-autorizadas-fda-todavia-no-aprobadas', 'https://www.univision.com/shows/despierta-america/arranca-la-campana-de-vacunacion-mas-grande-en-la-historia-de-estados-unidos-video', 'https://www.univision.com/temas/coronavirus', 'https://www.univision.com/temas/joe-biden', 'https://www.washingtonpost.com/politics/2021/03/11/transcript-biden-speech/', 'https://www.whitehouse.gov/briefing-room/press-briefings/2021/06/22/press-briefing-by-white-house-covid-19-response-team-and-public-health-officials-42/']	2021-07-04 08:46:06
https://www.univision.com/noticias/distorsionan-emails-fauci-origen-coronavirus-mascarillas	{'enganoso'}	Distorsionan información de los correos electrónicos de Fauci que hablan sobre el origen del coronavirus y el uso de mascarillas	['http://transcripts.cnn.com/TRANSCRIPTS/2106/03/nday.05.html', 'https://archive.is/kgwEx', 'https://archive.is/rc2pX', 'https://assets.documentcloud.org/documents/20793561/leopold-nih-foia-anthony-fauci-emails.pdf', 'https://bioeng.berkeley.edu/about-us/what-is-bioengineering', 'https://cdn.factcheck.org/UploadedFiles/Andersen-Jan-31-email-to-Fauci.png', 'https://cdn.factcheck.org/UploadedFiles/Screen-Shot-2021-06-03-at-2.22.18-PM.png', 'https://cdn.factcheck.org/UploadedFiles/Screen-Shot-2021-06-04-at-2.33.07-PM.png', 'https://obamawhitehouse.archives.gov/blog/author/secretary-sylvia-mathews-burwell', 'https://science.du.edu/about/faculty-directory/alex-alexander-huffman', 'https://twitter.com/RepBoebert/status/1400105539854606339', 'https://twitter.com/cdcgov/status/1246208617377906688?lang=en', 'https://video.foxnews.com/v/6257330353001/', 'https://web.archive.org/web/20200308093654/https://www.cdc.gov/coronavirus/2019-ncov/faq-sp.html', 'https://web.archive.org/web/20210602053934/https://twitter.com/K_G_Andersen/status/1399852467873927173', 'https://web.archive.org/web/20210602200923/https://twitter.com/K_G_Andersen/status/1400182670458384384', 'https://web.archive.org/web/20210604191707/https://twitter.com/K_G_Andersen/status/1400892933130256384', 'https://www.bmj.com/content/369/bmj.m1844.short', 'https://www.buzzfeednews.com/article/nataliebettendorf/fauci-emails-covid-response', 'https://www.cbsnews.com/news/transcript-dr-anthony-fauci-discusses-coronavirus-on-face-the-nation-april-5-2020/', 'https://www.cdc.gov/sars/about/fs-sars-sp.html', 'https://www.documentcloud.org/documents/20793561-leopold-nih-foia-anthony-fauci-emails#document/p153', 'https://www.documentcloud.org/documents/20793561-leopold-nih-foia-anthony-fauci-emails#document/p2008', 'https://www.documentcloud.org/documents/20793561-leopold-nih-foia-anthony-fauci-emails#document/p3027', 'https://www.documentcloud.org/documents/20793561-leopold-nih-foia-anthony-fauci-emails#document/p456', 'https://www.facebook.com/edelys.brian/posts/4286457151373087', 'https://www.factcheck.org/2020/04/covid-19-face-mask-advice-explained/', 'https://www.factcheck.org/2020/05/trump-misleads-on-hydroxychloroquine-again/', 'https://www.factcheck.org/2020/06/azar-trump-mislead-on-fdas-hydroxychloroquine-decision/', 'https://www.factcheck.org/2020/07/in-viral-video-doctor-falsely-touts-hydroxychloroquine-as-covid-19-cure/', 'https://www.factcheck.org/2020/07/video-misrepresents-the-science-behind-face-masks/', 'https://www.factcheck.org/es/2021/03/scicheck-nuevos-hallazgos-cientificos-sobre-uso-de-mascarillas-y-covid-19/', 'https://www.factcheck.org/es/2021/05/scicheck-el-laboratorio-de-wuhan-y-el-desacuerdo-sobre-estudios-de-ganancia-de-funcion/', 'https://www.factcheck.org/es/2021/06/scicheck-redes-sociales-y-comentaristas-distorsionan-correos-de-fauci/', 'https://www.factcheck.org/issue/face-masks/page/3/', 'https://www.fda.gov/media/136534/download', 'https://www.fda.gov/news-events/press-announcements/coronavirus-covid-19-update-fda-revokes-emergency-use-authorization-chloroquine-and', 'https://www.house.gov/feature-stories/2020-3-10-coronavirus-information-and-faqs', 'https://www.instagram.com/p/CPoxE1RA2xu/', 'https://www.khanacademy.org/science/high-school-biology/hs-evolution/hs-phylogeny/a/phylogenetic-trees', 'https://www.mrctv.org/about', 'https://www.nature.com/articles/s41586-020-2012-7', 'https://www.nature.com/articles/s41591-020-0820-9', 'https://www.ncbi.nlm.nih.gov/pmc/articles/PMC1232869/', 'https://www.nejm.org/doi/full/10.1056/NEJMoa2012410', 'https://www.niaid.nih.gov/about/chief-staff-contacts', 'https://www.niaid.nih.gov/about/division-microbiology-infectious-diseases-director-contacts', 'https://www.nih.gov/news-events/news-releases/hydroxychloroquine-does-not-benefit-adults-hospitalized-covid-19', 'https://www.politifact.com/factchecks/2021/jun/02/facebook-posts/no-emails-fauci-dont-show-early-agreement-virus-wa/', 'https://www.recoverytrial.net/news/statement-from-the-chief-investigators-of-the-randomised-evaluation-of-covid-19-therapy-recovery-trial-on-hydroxychloroquine-5-june-2020-no-clinical-benefit-from-use-of-hydroxychloroquine-in-hospitalised-patients-with-covid-19', 'https://www.rev.com/blog/transcripts/donald-trump-coronavirus-task-force-march-20-press-conference-transcript-trump-spars-with-reporters-in-fiery-briefing', 'https://www.scripps.edu/faculty/andersen/', 'https://www.univision.com/noticias/asi-lo-hacemos', 'https://www.washingtonpost.com/politics/interactive/2021/tony-fauci-emails/', 'https://www.who.int/es/news-room/q-a-detail/coronavirus-disease-covid-19-hydroxychloroquine']	2021-07-05 10:09:22
https://www.univision.com/noticias/verificamos-discurso-biden-congreso-100-dias-mandato	{'falta-contexto', 'enganoso'}	Verificamos qué es cierto y qué es engañoso en el discurso de Biden ante el Congreso a 100 días de su mandato 	['https://www.cnn.com/2021/04/05/politics/fact-check-biden-infrastructure-jobs-19-million-buttigieg-deese/index.html', 'https://www.univision.com/noticias/asi-lo-hacemos', 'https://www.univision.com/temas/joe-biden', 'mailto:eldetector@univision.net']	2021-04-28 22:23:32
https://www.univision.com/noticias/falso-universidad-columbia-segrega-ceremonias-graduacion-raza	{'falso'}	¿Es cierto que la Universidad de Columbia segrega las ceremonias de graduación según la raza,  orientación sexual y estatus económico?	['http://fieldscenter.princeton.edu/cultural-graduations', 'http://www.columbia.edu/cu/lweb/archival/collections/ldpd_6386066/', 'https://apnews.com/article/fact-checking-afs:Content:9987564288', 'https://cmea.georgetown.edu/programs/mgc/', 'https://commencement.columbia.edu/content/university-commencement', 'https://communications.news.columbia.edu/', 'https://news.yale.edu/2019/05/22/scenes-2019-black-graduates-celebration', 'https://temple-news.com/temple-plan-multicultural-graduations-this-may/', 'https://twitter.com/Columbia/status/1371855332088156162?ref_src=twsrc%5Etfw%7Ctwcamp%5Etweetembed%7Ctwterm%5E1371866403398168582%7Ctwgr%5E%7Ctwcon%5Es2_&ref_url=https%3A%2F%2Fwww.prweek.com%2Farticle%2F1710343%2Fcolumbia-university-responds-backlash-multicultural-graduations', 'https://twitter.com/TomCottonAR/status/1371809866122199040', 'https://twitter.com/tmart16/status/1371899542891814917', 'https://www.cc-seas.columbia.edu/class-day/ceremonies', 'https://www.cc-seas.columbia.edu/multicultural/graduateregistration', 'https://www.cc-seas.columbia.edu/node/6517', 'https://www.columbiaspectator.com/news/2021/03/16/misinformation-on-twitter-sparks-backlash-against-columbia-multicultural-graduation-ceremonies/', 'https://www.facebook.com/jacob.tarlton.7/posts/4036841439660220', 'https://www.foxnews.com/category/us/education', 'https://www.foxnews.com/category/us/education/college', 'https://www.foxnews.com/us/columbia-university-graduation-ceremonies-income-race-ethnicity', 'https://www.glaad.org/blog/t%C3%A9rminos-y-definiciones-para-los-medios-en-espa%C3%B1ol']	2021-04-30 11:14:15
https://www.univision.com/noticias/gobierno-biden-no-detiene-ninos-migrantes-jaulas-como-trump	{'falso', 'enganoso'}	¿El gobierno de Biden detiene a niños migrantes en jaulas como las usadas por el gobierno de Trump?	['https://crsreports.congress.gov/product/pdf/R/R45266/11', 'https://fas.org/sgp/crs/homesec/R45266.pdf', 'https://www.cbp.gov/newsroom/national-media-release/cbp-announces-february-2021-operational-update', 'https://www.cbs.com/shows/cbs_this_morning/video/ngruqfdqfWHQjx5rS5Hkx8NkYDJdcRLp/homeland-security-secretary-on-surge-in-migration-at-southwest-u-s-border/', 'https://www.cnn.com/2018/06/18/politics/immigration-mcallen-border-patrol-photos/index.html', 'https://www.hhs.gov/programs/social-services/unaccompanied-children/carrizo-springs-temporary-influx-facility-update.html#:~:text=The%20U.S.%20Department%20of%20Health,of%20Refugee%20Resettlement%20(ORR).&text=The%20Carrizo%20Springs%20ICF%20capacity,(age%2013%2D17)', 'https://www.hhs.gov/programs/social-services/unaccompanied-children/faqs/index.html', 'https://www.nbcnews.com/politics/immigration/record-number-unaccompanied-children-crossed-border-march-n1262901', 'https://www.univision.com/noticias/asi-lo-hacemos', 'https://www.univision.com/noticias/inmigracion/biden-reitera-gobierno-deportara-menores-migrantes-detenidos-frontera-mexico', 'https://www.univision.com/noticias/inmigracion/dhs-advierte-inmigrantes-adultos-solteros-expulsados-inmediato-titulo-42', 'https://www.univision.com/noticias/inmigracion/fotos-ninos-migrantes-hacinados-patrulla-fronteriza-texas', 'https://www.univision.com/noticias/inmigracion/imagenes-principal-centro-detencion-ninos-migrantes-texas-fotos', 'https://www.univision.com/noticias/inmigracion/patrulla-fronteriza-casi-5000-ninos-instalaciones-procesarlos', 'https://www.univision.com/noticias/inmigracion/que-es-el-acuerdo-judicial-flores-que-le-impide-a-trump-deportar-de-inmediato-a-migrantes-en-la-frontera', 'https://www.univision.com/noticias/inmigracion/titulos-8-42-muro-invisible-trunca-suenos-inmigrantes-buscan-asilo-eeuu', 'https://www.univision.com/noticias/trafico-de-personas/que-esconde-la-politica-de-tolerancia-cero-de-trump-que-separa-familias-indocumentadas-en-la-frontera', 'https://www.univision.com/temas/donald-trump', 'https://www.univision.com/temas/joe-biden', 'https://www.wbtv.com/2021/03/23/us-races-find-bed-space-migrant-children-number-unaccompanied-minors-government-custody-hits/', 'https://www.whitehouse.gov/briefing-room/press-briefings/2021/02/23/press-briefing-by-press-secretary-jen-psaki-february-23-2021/', 'https://www.whitehouse.gov/briefing-room/speeches-remarks/2021/03/25/remarks-by-president-biden-in-press-conference/', 'https://www.yourbasin.com/news/local-news/dhhs-125-migrant-children-expected-to-arrive-in-pecos-monday/']	2021-04-08 10:26:53
https://www.univision.com/noticias/eeuu-sera-independiente-del-coronavirus-el-4-de-julio-falta-contexto-verificacion-de-datos	{'falta-contexto'}	¿Podrá EEUU empezar a ser independiente del coronavirus el 4 de julio como dijo Biden? La inmunidad del rebaño tardará aún más	['https://www.kqed.org/lowdown/22209/interactive-american-war-deaths-by-the-numbers', 'https://www.nytimes.com/2020/12/24/health/herd-immunity-covid-coronavirus.html', 'https://www.nytimes.com/es/2020/12/27/espanol/ciencia-y-tecnologia/inmunidad-rebano-coronavirus.html', 'https://www.univision.com/noticias/asi-lo-hacemos', 'https://www.univision.com/noticias/coronavirus', 'https://www.univision.com/noticias/politica/bases-de-la-estrategia-contra-la-pandemia-que-anuncio-el-presidente-biden', 'https://www.univision.com/noticias/salud/mapa-actualizado-del-coronavirus-cifras-de-casos-confirmados-y-fallecidos', 'https://www.univision.com/noticias/si-han-muerto-tantos-estadounidenses-por-covid-19-como-en-la-segunda-guerra-mundial-pero-falta-contexto', 'https://www.univision.com/temas/joe-biden', 'https://www.washingtonpost.com/nation/interactive/2021/vaccination-pace-herd-immunity/', 'https://www.washingtonpost.com/politics/2021/03/11/transcript-biden-speech/']	2021-03-11 22:41:42
https://www.univision.com/noticias/venezuela-proteccion-no-es-cierto-que-el-tps-para-los-venezolanos-es-una-medida-que-dejo-trump-verificado-por-el-detector	{'falso', 'enganoso'}	¿El TPS que aprobó Biden para los venezolanos en EEUU es lo mismo que dejó Trump? No, y te explicamos	['https://cliniclegal.org/about-us', 'https://cliniclegal.org/resources/humanitarian-relief/temporary-protected-status-and-deferred-enforced-departure/march-9', 'https://latinovictory.us/', 'https://trumpwhitehouse.archives.gov/presidential-actions/memorandum-deferred-enforced-departure-certain-venezuelans/', 'https://twitter.com/Jchenriquezpaz', 'https://twitter.com/lecumberry', 'https://www.dhs.gov/news/2021/03/08/secretario-mayorkas-designa-venezuela-al-estatus-de-protecci-n-temporal-por-18-meses', 'https://www.dhs.gov/person/alejandro-mayorkas', 'https://www.facebook.com/univisionnoticias/?ref=page_internal', 'https://www.federalregister.gov/documents/2021/01/25/2021-01718/deferred-enforced-departure-for-certain-venezuelans', 'https://www.instagram.com/tv/CMNM2bDnMMo/?igshid=2j08swc2k8il', 'https://www.univision.com/noticias/asi-lo-hacemos', 'https://www.univision.com/noticias/inmigracion/corte-de-apelaciones-falla-a-favor-del-gobierno-de-trump-para-poner-fin-al-tps-de-cuatro-paises', 'https://www.univision.com/noticias/mayorkas-el-latino-propuesto-por-biden-para-dirigir-inmigracion-si-fue-investigado-en-2015-por-influencia-inapropiada-en-visas-de-inversionistas', 'https://www.univision.com/noticias/politica/reforma-migratoria-biden-ciudadania', 'https://www.univision.com/temas/tps', 'https://www.uscis.gov/humanitarian/temporary-protected-status', 'https://www.uscis.gov/i-9-central/form-i-9-related-news/dhs-secretary-designates-venezuela-for-tps-implements-ded-for-venezuela', 'https://www.whitehouse.gov/briefing-room/statements-releases/2021/03/08/u-s-department-of-homeland-security-secretary-mayorkas-designates-venezuela-for-temporary-protected-status-for-18-months/', 'https://www.youtube.com/watch?v=iAdTmk0MUSM', 'mailto:eldetector@univision.net']	2021-03-09 19:55:32
https://www.univision.com/noticias/obama-no-estaba-en-el-laboratorio-de-wuhan-en-2015-verificado-por-el-detector	{'falso', 'enganoso'}	Obama no estaba en el laboratorio de Wuhan en 2015, como dicen en las redes, ni Melinda Gates es la de la foto	['http://archive.is/d5VmD', 'http://www.apimages.com/metadata/Index/Obama-Ebola/dc216f15669e401ca4a4ea712b46b309/27/0', 'https://amp.news-leader.com/amp/19771917', 'https://directorsblog.nih.gov/tag/president-barack-obama/', 'https://directorsblog.nih.gov/wp-content/uploads/2014/12/4d4a5247.jpg', 'https://obamawhitehouse.archives.gov/blog/author/secretary-sylvia-mathews-burwell', 'https://obamawhitehouse.archives.gov/ebola-response', 'https://obamawhitehouse.archives.gov/photos-and-video/photo/2014/12/president-obama-tours-lab-vaccine-research-center-national-institutes', 'https://obamawhitehouse.archives.gov/photos-and-video/video/2014/12/02/president-obama-speaks-fight-against-ebola', 'https://projectreporter.nih.gov/project_info_details.cfm?aid=8674931&icde=49911939', 'https://taggs.hhs.gov/Detail/AwardDetail?arg_AwardNum=R01AI110964&arg_ProgOfficeCode=104', 'https://taggs.hhs.gov/Detail/RecipDetail?arg_RecipId=ZfeVER2uWwKllnTv6X4AxA%3D%3D', 'https://twitter.com/BlagJohn/status/1335451698282844160', 'https://twitter.com/_qpatriot1776_?lang=pl', 'https://www.boomlive.in/h-upload/2020/07/18/925781-obama02587412.jpg', 'https://www.buzzfeednews.com/article/janelytvynenko/fauci-wuhan-funding-conspiracy', 'https://www.ecohealthalliance.org/', 'https://www.ecohealthalliance.org/2020/04/regarding-nih-termination-of-coronavirus-research-funding', 'https://www.ecohealthalliance.org/about', 'https://www.ecohealthalliance.org/personnel/dr-peter-daszak', 'https://www.ecohealthalliance.org/personnel/robert-kessler', 'https://www.ecohealthalliance.org/wp-content/uploads/2019/09/EHA-FY18-Annual-Report.pdf', 'https://www.facebook.com/photo.php?fbid=219459876496060&set=p.219459876496060&type=3', 'https://www.facebook.com/tednugent/photos/a.10151655803922297/10157684948177297/?type=3&__xts__[0]=68.ARAkLNShJKg-6DlZ92RW_prs9u6Fbd3UPTV62hmxxYz07lgSRY59nWCdsJZPpvnujzKLiGO59N-Jf4NnKhEpimlWWK3eToZczKjbC9P293dtUKfty31kwfyX8ryW7KZZmI0_QiE80NpM3tQ-t3M1WyfaAq5uWLrhVHQ-3oONQzrRz1hFzub1WPpmG_YorgPg6ugeVyugsWatOGTcvGEooBPjrWgWw8NbZ4_VCdnW0CcSN2z_4EazeE0LvzNnh829JfGk6Ruh_vRdCnKl1wm9TpfJk6cTxs4rVizYPkKsCT5csVOyZAIoNonZyBkOwFw', 'https://www.facebook.com/tednugent/photos/a.10151655803922297/10157684948177297/?type=3&theater', 'https://www.facebook.com/univisionnoticias', 'https://www.factcheck.org/2020/06/facebook-post-repeats-flawed-claim-on-wuhan-lab-funding/', 'https://www.factcheck.org/2020/07/old-photo-shows-obama-fauci-at-u-s-facility-not-wuhan-lab/', 'https://www.fic.nih.gov/News/GlobalHealthMatters/november-december-2014/Pages/ebola-funding-president-obama-nih-visit.aspx', 'https://www.gatesfoundation.org/Who-We-Are/General-Information/Leadership/Executive-Leadership-Team/Melinda-Gates', 'https://www.niaid.nih.gov/about/director', 'https://www.niaid.nih.gov/research/nancy-sullivan-phd', 'https://www.nih.gov/', 'https://www.nih.gov/about-nih/visitor-information', 'https://www.nih.gov/about-nih/who-we-are/nih-director/biographical-sketch-francis-s-collins-md-phd', 'https://www.npr.org/sections/goatsandsoda/2020/04/29/847948272/why-the-u-s-government-stopped-funding-a-research-project-on-bats-and-coronaviru', 'https://www.nytimes.com/2014/12/03/us/at-nih-obama-stresses-need-to-keep-funding-fight-against-ebola.html', 'https://www.politico.com/news/2020/04/27/trump-cuts-research-bat-human-virus-china-213076', 'https://www.reuters.com/article/uk-factcheck-photo-obama-fauci-melinda-g/fact-checkphotodoes-not-show-obama-fauci-and-melinda-gates-at-wuhan-lab-in-2015-idUSKCN24I25R', 'https://www.reuters.com/article/us-health-ebola-obama/obama-urges-congress-to-approve-6-billion-for-ebola-fight-idUSKCN0JG2GR20141202', 'https://www.univision.com/coronavirus', 'https://www.univision.com/noticias/asi-lo-hacemos', 'https://www.univision.com/temas/barack-obama', 'https://www.univision.com/temas/donald-trump', 'https://www.usatoday.com/story/news/factcheck/2020/05/04/fact-check-obama-administration-did-not-send-3-7-m-wuhan-lab/3061490001/', 'https://www.who.int/csr/disease/ebola/one-year-report/virus-origin/en/', 'mailto:eldetector@univision.net']	2021-03-05 12:23:19
https://www.univision.com/noticias/no-es-cierto-que-los-apagones-de-texas-se-deben-al-congelamiento-de-las-turbinas-de-viento-gobernador-miente	{'falso'}	No es cierto que los apagones de Texas se deben al congelamiento de las turbinas de viento 	['http://www.ercot.com/about', 'http://www.ercot.com/gridinfo/generation', 'http://www.ercot.com/news/releases', 'http://www.ercot.com/news/releases/show/216844', 'http://www.ercot.com/news/releases/show/225210', 'http://www.ercot.com/news/releases/show/225696', 'http://www.ercot.com/news/releases/show/225742', 'https://hannity.com/media-room/texas-gov-on-hannity-blackouts-in-tx-show-how-green-new-deal-would-be-deadly-deal-for-usa/?utm_source=hootsuite', 'https://news.bloomberglaw.com/environment-and-energy/texas-was-warned-a-decade-ago-its-grid-was-unprepared-for-cold?utm_source=rss&utm_medium=NEVE&utm_campaign=00000177-b190-dad3-a37f-fdb7e9e20000', 'https://twitter.com/GregAbbott_TX/status/1361398774216744967?s=20', 'https://www.bloomberg.com/news/articles/2021-02-16/frozen-wind-farms-were-just-a-small-piece-of-texas-s-power-woes', 'https://www.chicagotribune.com/nation-world/ct-aud-nw-texas-power-grid-disinformation-20210217-q2yukdej5nbnhorudfwprmdyki-story.html', 'https://www.congress.gov/116/bills/hres109/BILLS-116hres109ih.pdf', 'https://www.ferc.gov/', 'https://www.ferc.gov/about/what-ferc/what-ferc-does', 'https://www.ferc.gov/sites/default/files/2020-05/ReportontheSouthwestColdWeatherEventfromFebruary2011Report.pdf', 'https://www.nbcnews.com/news/us-news/fact-check-renewable-energy-not-blame-texas-energy-crisis-n1258185', 'https://www.nytimes.com/2019/02/21/climate/green-new-deal-questions-answers.html', 'https://www.politifact.com/article/2021/feb/16/natural-gas-not-wind-turbines-main-driver-texas-po/', 'https://www.puc.texas.gov/', 'https://www.rev.com/blog/transcripts/greg-abbott-hannity-interview-transcript-on-texas-blackouts-power-grid-issues', 'https://www.texastribune.org/2021/02/16/natural-gas-power-storm/', 'https://www.texastribune.org/2021/02/16/texas-wind-turbines-frozen/', 'https://www.univision.com/noticias/asi-lo-hacemos', 'https://www.univision.com/noticias/estados-unidos/millones-seguiran-sin-electricidad-texas-como-fallo-la-red-electrica', 'https://www.univision.com/radio/radio-nacional/extremas-temperaturas-clima-invernal-en-texas-y-gran-parte-de-estados-unidos-fotos', 'https://www.univision.com/temas/tormenta-invernal', 'mailto:eldetector@univision.net']	2021-02-18 14:39:00
https://www.univision.com/noticias/estas-son-las-falsedades-que-dijo-rudy-giuliani-sobre-dominion-y-ahora-enfrenta-millonaria-demanda	{'falso'}	Estas son las falsedades que dijo Rudy Giuliani sobre Dominion... y ahora enfrenta demanda millonaria	['https://www.businessinsider.com/dominion-defamation-letters-fox-news-sean-hannity-lou-dobbs-newsmax-oan-2020-12?r=MX&IR=T', 'https://www.dominionvoting.com/latest-news-dominion-files-defamation-suit-against-rudy-giuliani/', 'https://www.smartmatic.com/us/media/article/smartmatic-demands-justice-for-defamation/', 'https://www.univision.com/noticias/desinformacion-elecciones-fox-news-y-newsmax-se-retractan-en-sus-desinformaciones-sobre-las-elecciones-pero-dejan-desconfianza-en-el-sistema-electoral']	2021-01-26 18:09:25
https://www.univision.com/noticias/falsedades-diez-mentiras-y-desinformaciones-por-las-que-recordaremos-a-donald-trump	{'falso', 'enganoso'}	Diez mentiras y desinformaciones por las que recordaremos a Donald Trump	['https://www.factcheck.org/2020/10/trumps-long-history-with-conspiracy-theories/', 'https://www.politifact.com/personalities/donald-trump/', 'https://www.univision.com/noticias/con-una-cita-enganosa-del-actuario-de-la-seguridad-social-biden-vuelve-a-afirmar-erroneamente-que-trump-quebrara-la-seguridad-social-a-mediados-de-2023', 'https://www.univision.com/noticias/hay-evidencias-de-las-denuncias-de-pedofilia-contra-biden-que-difunde-trump', 'https://www.univision.com/noticias/no-es-cierto-que-biden-y-harris-promueven-el-aborto-hasta-el-ultimo-termino-del-embarazo-pero-estas-son-las-veces-que-trump-y-pence-los-han-acusado-de-eso', 'https://www.univision.com/noticias/verificacion-trump-se-despide-con-las-mismas-falsedades-que-repitio-en-su-gobierno-verificacion', 'https://www.washingtonpost.com/graphics/politics/fact-checker-most-repeated-disinformation/']	2021-01-22 15:22:56
https://www.univision.com/noticias/puede-decirse-realmente-que-trump-no-tenia-un-plan-de-vacunacion-plan-trump-vacunacion	{'enganoso'}	¿Puede decirse realmente que Trump no tenía un plan de vacunación? 	['https://edition.cnn.com/2021/01/21/politics/biden-covid-vaccination-trump/index.html', 'https://eu.usatoday.com/in-depth/graphics/2021/01/14/covid-vaccine-distribution-by-state-how-many-covid-vaccines-have-been-given-in-us-how-many-people/6599531002/', 'https://twitter.com/SpeakerPelosi/status/1352282928810758145', 'https://www.bloomberg.com/graphics/covid-vaccine-tracker-global-distribution/', 'https://www.c-span.org/video/?508183-1/house-ready-send-article-impeachment-senate-speaker-pelosi', 'https://www.cdc.gov/coronavirus/2019-ncov/vaccines/faq.html', 'https://www.cdc.gov/coronavirus/2019-ncov/vaccines/recommendations.html', 'https://www.hhs.gov/about/news/2020/07/22/us-government-engages-pfizer-produce-millions-doses-covid-19-vaccine.html', 'https://www.hhs.gov/coronavirus/explaining-operation-warp-speed/index.html', 'https://www.nbcnews.com/health/health-news/which-people-get-covid-19-vaccine-first-states-will-determine-n1249763', 'https://www.reuters.com/article/health-coronavirus-usa-vaccinations/u-s-vaccinations-in-2020-fall-far-short-of-target-of-20-million-people-idINKBN295139', 'https://www.rev.com/blog/transcripts/joe-biden-speech-transcript-on-covid-19-vaccination-efforts-falling-far-behind', 'https://www.univision.com/noticias/covid19-pandemia-estas-son-las-cinco-desinformaciones-mas-comunes-sobre-la-covid-19-entre-los-latinos', 'https://www.univision.com/noticias/covid19-pandemia-estas-son-las-cinco-desinformaciones-mas-comunes-sobre-la-covid-19-entre-los-latinos?123', 'https://www.univision.com/noticias/elecciones-en-eeuu-2020/con-las-cortes-en-contra-y-mas-presion-republicana-trump-da-paso-al-proceso-de-transicion-aunque-sin-soltar-sus-demandas', 'https://www.univision.com/noticias/no-hay-evidencias-que-demuestren-que-los-hallazgos-de-la-vacuna-contra-el-coronavirus-se-retuvieron-hasta-despues-de-las-elecciones', 'https://www.univision.com/noticias/politica/biden-acusa-equipo-transicion-trump-obstruir-seguridad-nacional', 'https://www.univision.com/noticias/salud/plan-vacunacion-de-coronavirus-en-eeuu', 'https://www.univision.com/noticias/salud/vacunacion-masiva-covid-19-eeuu?postId=AAABdmGk2ACpd-nniw0AAA#AAABdmGk2ACpd-nniw0AAA']	2021-01-21 15:14:43
https://www.univision.com/noticias/si-han-muerto-tantos-estadounidenses-por-covid-19-como-en-la-segunda-guerra-mundial-pero-falta-contexto	{'falta-contexto'}	La cifra de fallecimientos por covid-19 en EEUU sí se acerca a la de las muertes estadounidenses en la Segunda Guerra Mundial, pero a ese dato le falta contexto	['https://coronavirus.jhu.edu/us-map', 'https://covid.cdc.gov/covid-data-tracker/#cases_casesper100klast7days', 'https://history.army.mil/html/documents/casualties/stcas.html', 'https://www.arcgis.com/apps/opsdashboard/index.html#/bda7594740fd40299423467b48e9ecf6', 'https://www.cdc.gov/media/releases/2020/s0229-COVID-19-first-death.html', 'https://www.nationalww2museum.org/students-teachers/student-resources/research-starters/research-starters-us-military-numbers', 'https://www.nejm.org/doi/10.1056/NEJMoa2001191', 'https://www.nytimes.com/2020/04/22/us/coronavirus-first-united-states-death.html', 'https://www.rev.com/blog/transcripts/joe-biden-first-speech-as-president-full-transcript-at-inauguration', 'https://www.univision.com/noticias/salud/mapa-actualizado-del-coronavirus-cifras-de-casos-confirmados-y-fallecidos', 'https://www.va.gov/oaa/pocketcard/worldwar.asp', 'https://www.va.gov/opa/publications/factsheets/fs_americas_wars.pdf']	2021-01-21 13:17:17
https://www.univision.com/noticias/cronologia-con-estos-tuits-frases-falsas-y-enganosas-trump-llevo-sus-seguidores-a-las-puertas-del-capitolio-impeachment	{'falso', 'enganoso'}	Cronología: con estos tuits y frases falsas y engañosas Trump llevó a sus seguidores a las puertas del Capitolio	['http://hola.factchat.me/', 'https://apnews.com/article/election-2020-joe-biden-donald-trump-elections-william-barr-b1f1488796c9a98c4b1a9061a6c7f49d', 'https://blog.twitter.com/en_us/topics/company/2020/suspension.html', 'https://clerk.house.gov/evs/2021/roll017.xml', 'https://eu.usatoday.com/in-depth/news/2021/01/06/dc-protests-capitol-riot-trump-supporters-electoral-college-stolen-election/6568305002/', 'https://factba.se/search#%22JANUARY%2BSIXTH%22', 'https://factba.se/search#%22save%2Bamerica%2Brally%22', 'https://factba.se/search#January%2B6th', 'https://factba.se/topic/flagged-tweets', 'https://pbs.twimg.com/media/ErESrZNWMAAS0f9.jpg', 'https://thehill.com/homenews/campaign/532854-live-coverage-pro-trump-protesters-gather-in-washington', 'https://twitter.com/realDonaldTrump', 'https://twitter.com/realMikeLindell/status/1345547185836978176', 'https://womenforamericafirst.org/', 'https://www.archives.gov/electoral-college/2020', 'https://www.archives.gov/electoral-college/key-dates', 'https://www.businessinsider.com/trump-retweeted-qanon-hashtag-to-his-68-million-followers-2019-12', 'https://www.cbsnews.com/live-updates/electoral-college-vote-count-biden-victory/', 'https://www.cisa.gov/news/2020/11/12/joint-statement-elections-infrastructure-government-coordinating-council-election', 'https://www.cruz.senate.gov/?p=press_release&id=5541', 'https://www.facebook.com/DonaldTrump/videos/3564332133674705', 'https://www.factcheck.org/2016/11/trump-sticks-with-bogus-voter-fraud-claims/', 'https://www.factcheck.org/2020/11/trump-repeats-baseless-false-claims-about-the-election/', 'https://www.factcheck.org/2021/01/road-to-a-second-impeachment/?platform=hootsuite', 'https://www.factcheck.org/2021/01/trumps-falsehood-filled-save-america-rally/', 'https://www.justice.gov/usao-dc/pr/two-men-charged-connection-events-us-capitol', 'https://www.justice.gov/usao-dc/press-release/file/1352016/download', 'https://www.newyorker.com/news/news-desk/an-air-force-combat-veteran-breached-the-senate', 'https://www.nps.gov/aboutus/foia/upload/21-0278-Women-for-America-First-Ellispse-permit_REDACTED.pdf', 'https://www.nytimes.com/article/what-is-qanon.html', 'https://www.politico.com/news/2020/07/12/trump-tweeting-qanon-followers-357238', 'https://www.poynter.org/ifcn/', 'https://www.rev.com/blog/transcripts/donald-trump-speech-save-america-rally-transcript-january-6', 'https://www.rev.com/blog/transcripts/rudy-giuliani-speech-transcript-at-trumps-washington-d-c-rally-wants-trial-by-combat', 'https://www.univision.com/noticias/asi-lo-hacemos', 'https://www.univision.com/noticias/fraude-ganamos-los-infundios-del-presidente-trump-en-una-noche-electoral-sin-conclusiones', 'https://www.univision.com/noticias/teorias-conspiracion-son-peligrosas-las-teorias-de-qanon-mas-alla-de-las-redes-sociales-preguntas-y-respuestas-sobre-este-movimiento', 'https://www.usatoday.com/in-depth/news/2021/01/06/dc-protests-capitol-riot-trump-supporters-electoral-college-stolen-election/6568305002/', 'https://www.youtube.com/watch?t=834&v=Y5yUnUxpr_g&feature=youtu.be', 'mailto:eldetector@univision.net']	2021-01-13 21:15:38
